{"tau_syn": 1.275797668617, "tau_syn_slow": 3.324504850482, "amp_slow": 0.299216912807198}