{"tau_syn": 0.905162575055, "tau_syn_slow": 2.052687609337, "amp_slow": 0.190025012880733}