{"tau_syn": 1.665913163717, "tau_syn_slow": 2.738353302078, "amp_slow": 0.198527338091732}