{"tau_syn": 0.849097958716, "tau_syn_slow": 2.203105783982, "amp_slow": 0.265927635317202}