{"tau_syn": 1.853046136342, "tau_syn_slow": 2.445648708155, "amp_slow": 0.582091882380482}