{"tau_syn": 1.944231683066, "tau_syn_slow": 2.827443936434, "amp_slow": 0.792067673268403}