{"tau_syn": 1.563571348073, "tau_syn_slow": 2.167371136882, "amp_slow": 1.65105950916743}