{"tau_syn": 0.905162575055, "tau_syn_slow": 2.234185848565, "amp_slow": 0.228489324606641}