{"tau_syn": 1.0616513593080001, "tau_syn_slow": 5.035707143345, "amp_slow": 0.163495613053824}