{"tau_syn": 1.7139442896969999, "tau_syn_slow": 4.387938590550999, "amp_slow": 0.591166734524746}