{"tau_syn": 1.232227859751, "tau_syn_slow": 2.692085546044, "amp_slow": 0.358850886455589}