{"tau_syn": 1.798432212233, "tau_syn_slow": 5.762523463331, "amp_slow": 0.683674117170858}