{"tau_syn": 1.7520153147970001, "tau_syn_slow": 2.903220573417, "amp_slow": 0.358321335490053}