{"tau_syn": 1.7381891869869999, "tau_syn_slow": 5.98649331542, "amp_slow": 0.68353249134834}