{"tau_syn": 1.8318457822399998, "tau_syn_slow": 2.6171884009529998, "amp_slow": 1.08595608079456}