{"tau_syn": 0.757973204013, "tau_syn_slow": 1.5561815881699999, "amp_slow": 1.1255819240562}