{"tau_syn": 1.875141532239, "tau_syn_slow": 2.4281210182639996, "amp_slow": 0.527230530777582, "receptor_type":1 }
