{"tau_syn": 1.677748410847, "tau_syn_slow": 2.738353302078, "amp_slow": 0.25572265342405, "receptor_type":1 }
