{"tau_syn": 1.275797668617, "tau_syn_slow": 2.950205902341, "amp_slow": 0.336968130611869, "receptor_type":1 }
