{"tau_syn": 1.6485923006699998, "tau_syn_slow": 2.461139328341, "amp_slow": 1.20851945929501}