{"tau_syn": 1.50304464727, "tau_syn_slow": 6.161352063175, "amp_slow": 0.400112434183029}