{"tau_syn": 1.48592762499, "tau_syn_slow": 4.542617800561, "amp_slow": 0.418155118619781}