{"tau_syn": 1.036836466789, "tau_syn_slow": 3.547021349313, "amp_slow": 0.296207412327629}