{"tau_syn": 1.227917881112, "tau_syn_slow": 6.1533564489420005, "amp_slow": 0.291507732628734}