{"tau_syn": 1.370360105111, "tau_syn_slow": 6.161352063175, "amp_slow": 0.390248474439862}