{"tau_syn": 1.05980967938, "tau_syn_slow": 3.547021349313, "amp_slow": 0.319710817293358}