{"tau_syn": 2.5108446104280002, "tau_syn_slow": 3.730986343003, "amp_slow": 1.00343364975683}