{"tau_syn": 1.820899731139, "tau_syn_slow": 3.399399775689, "amp_slow": 0.570987238876594}