{"tau_syn": 1.603123677543, "tau_syn_slow": 3.5604441076980002, "amp_slow": 0.296983816410055}