{"tau_syn": 1.576747920368, "tau_syn_slow": 3.9822886559879995, "amp_slow": 0.455758073866326}