{"tau_syn": 1.8332228743499999, "tau_syn_slow": 4.4110529892770005, "amp_slow": 0.841789251589243}