{"tau_syn": 1.496270213245, "tau_syn_slow": 4.4110529892770005, "amp_slow": 0.841789251589243}