{"tau_syn": 1.8332228743499999, "tau_syn_slow": 7.238139091983, "amp_slow": 0.773026294928808}