{"tau_syn": 2.456332123482, "tau_syn_slow": 3.1692891322729997, "amp_slow": 0.660294458012735}