{"tau_syn": 2.456332123482, "tau_syn_slow": 3.932194997191, "amp_slow": 0.660294458012735}