{"tau_syn": 1.5366590789430001, "tau_syn_slow": 5.135783334717, "amp_slow": 0.599286299800422}