{"tau_syn": 1.50304464727, "tau_syn_slow": 5.5737070373840005, "amp_slow": 0.423690073616672}