{"tau_syn": 1.20142119665, "tau_syn_slow": 6.335480462174, "amp_slow": 0.560133171784439}