{"tau_syn": 2.228045348568, "tau_syn_slow": 3.395965862957, "amp_slow": 0.550285313599962}