{"tau_syn": 1.496270213245, "tau_syn_slow": 5.849322584522, "amp_slow": 0.378048979506841}