{
    "V_m": -68.2186024983724,
    "V_th": -45.268415165346255,
    "g": 9.268679650963616,
    "E_L": -68.2186024983724,
    "C_m": 94.0294908826469,
    "t_ref": 4.95,
    "V_reset": -68.2186024983724,
    "spike_dependent_threshold": false,
    "after_spike_currents": false,
    "adapting_threshold": false
}