{
    "V_m": -68.2186024983724,
    "V_th": -45.268415165346255,
    "g": 9.268679650963616,
    "E_L": -68.2186024983724,
    "C_m": 94.0294908826469,
    "t_ref": 4.95,
    "V_reset": -68.2186024983724,
    "asc_init": [
        0.0,
        0.0
    ],
    "asc_decay": [
        0.003,
        0.1
    ],
    "asc_amps": [
        -16.70896058660567,
        -234.63057764261973
    ],
    "tau_syn": [
        5.5,
        8.5,
        2.8,
        5.8
    ],
    "spike_dependent_threshold": false,
    "after_spike_currents": true,
    "adapting_threshold": false
}