{
    "V_m": -82.7505315144857,
    "V_th": -47.65294598697079,
    "g": 3.731087601275033,
    "E_L": -82.7505315144857,
    "C_m": 116.43908327068095,
    "t_ref": 4.95,
    "V_reset": -82.7505315144857,
    "spike_dependent_threshold": false,
    "after_spike_currents": false,
    "adapting_threshold": false
}