{
    "V_m": -82.7505315144857,
    "V_th": -47.65294598697079,
    "g": 3.731087601275033,
    "E_L": -82.7505315144857,
    "C_m": 116.43908327068095,
    "t_ref": 4.95,
    "V_reset": -82.7505315144857,
    "asc_init": [
        0.0,
        0.0
    ],
    "asc_decay": [
        0.003,
        0.1
    ],
    "asc_amps": [
        -8.202477042087391,
        -236.2573773789238
    ],
    "tau_syn": [
        5.5,
        8.5,
        2.8,
        5.8
    ],
    "spike_dependent_threshold": false,
    "after_spike_currents": true,
    "adapting_threshold": false
}