{
    "V_m": -76.78357696533203,
    "V_th": -44.644394377005405,
    "g": 6.188508211816279,
    "E_L": -76.78357696533203,
    "C_m": 95.59742759886338,
    "t_ref": 3.85,
    "V_reset": -76.78357696533203,
    "asc_init": [
        0.0,
        0.0
    ],
    "asc_decay": [
        0.003,
        0.1
    ],
    "asc_amps": [
        -3.7214025714148495,
        -165.56558686299545
    ],
    "tau_syn": [
        5.5,
        8.5,
        2.8,
        5.8
    ],
    "spike_dependent_threshold": false,
    "after_spike_currents": true,
    "adapting_threshold": false
}