{
    "V_m": -77.99624633789061,
    "V_th": -49.253765434155994,
    "g": 7.1632780117065575,
    "E_L": -77.99624633789061,
    "C_m": 87.12788221781986,
    "t_ref": 3.9000000000000004,
    "V_reset": -77.99624633789061,
    "spike_dependent_threshold": false,
    "after_spike_currents": false,
    "adapting_threshold": false
}