{
    "V_m": -77.99624633789061,
    "V_th": -49.253765434155994,
    "g": 7.1632780117065575,
    "E_L": -77.99624633789061,
    "C_m": 87.12788221781986,
    "t_ref": 3.9000000000000004,
    "V_reset": -77.99624633789061,
    "asc_init": [
        0.0,
        0.0
    ],
    "asc_decay": [
        0.003,
        0.1
    ],
    "asc_amps": [
        -4.435895156364304,
        -205.35242848308906
    ],
    "tau_syn": [
        5.5,
        8.5,
        2.8,
        5.8
    ],
    "spike_dependent_threshold": false,
    "after_spike_currents": true,
    "adapting_threshold": false
}