{
    "V_m": -66.39199829101567,
    "V_th": -44.4029406312307,
    "g": 4.702552633414812,
    "E_L": -66.39199829101567,
    "C_m": 69.63151458349347,
    "t_ref": 3.8,
    "V_reset": -66.39199829101567,
    "spike_dependent_threshold": false,
    "after_spike_currents": false,
    "adapting_threshold": false
}