{
    "V_m": -66.39199829101567,
    "V_th": -44.4029406312307,
    "g": 4.702552633414812,
    "E_L": -66.39199829101567,
    "C_m": 69.63151458349347,
    "t_ref": 3.8,
    "V_reset": -66.39199829101567,
    "asc_init": [
        0.0,
        0.0
    ],
    "asc_decay": [
        0.003,
        0.1
    ],
    "asc_amps": [
        -3.9153329378041137,
        -152.03437033320134
    ],
    "tau_syn": [
        5.5,
        8.5,
        2.8,
        5.8
    ],
    "spike_dependent_threshold": false,
    "after_spike_currents": true,
    "adapting_threshold": false
}