{
    "V_m": -81.16280110677087,
    "V_th": -45.718845973193986,
    "g": 12.284649467008439,
    "E_L": -81.16280110677087,
    "C_m": 132.35300227173133,
    "t_ref": 1.0,
    "V_reset": -81.16280110677087,
    "spike_dependent_threshold": false,
    "after_spike_currents": false,
    "adapting_threshold": false
}