{
    "V_m": -81.16280110677087,
    "V_th": -45.718845973193986,
    "g": 12.284649467008439,
    "E_L": -81.16280110677087,
    "C_m": 132.35300227173133,
    "t_ref": 1.0,
    "V_reset": -81.16280110677087,
    "asc_init": [
        0.0,
        0.0
    ],
    "asc_decay": [
        0.1,
        0.3
    ],
    "asc_amps": [
        947.4521886761304,
        -6567.373973657059
    ],
    "tau_syn": [
        5.5,
        8.5,
        2.8,
        5.8
    ],
    "spike_dependent_threshold": false,
    "after_spike_currents": true,
    "adapting_threshold": false
}