{
    "V_m": -70.88591003417969,
    "V_th": -34.727468774626736,
    "g": 2.531212175869967,
    "E_L": -70.88591003417969,
    "C_m": 37.538214454956325,
    "t_ref": 2.15,
    "V_reset": -70.88591003417969,
    "spike_dependent_threshold": false,
    "after_spike_currents": false,
    "adapting_threshold": false
}