{
    "V_m": -70.88591003417969,
    "V_th": -34.727468774626736,
    "g": 2.531212175869967,
    "E_L": -70.88591003417969,
    "C_m": 37.538214454956325,
    "t_ref": 2.15,
    "V_reset": -70.88591003417969,
    "asc_init": [
        0.0,
        0.0
    ],
    "asc_decay": [
        0.01,
        0.3
    ],
    "asc_amps": [
        -12.738185270347369,
        91.38758455948654
    ],
    "tau_syn": [
        5.5,
        8.5,
        2.8,
        5.8
    ],
    "spike_dependent_threshold": false,
    "after_spike_currents": true,
    "adapting_threshold": false
}