{
    "V_m": -82.614164352417,
    "V_th": -42.63472749884039,
    "g": 8.606450972615395,
    "E_L": -82.614164352417,
    "C_m": 114.77478545538942,
    "t_ref": 3.6000000000000005,
    "V_reset": -82.614164352417,
    "asc_init": [
        0.0,
        0.0
    ],
    "asc_decay": [
        0.003,
        0.3
    ],
    "asc_amps": [
        -16.533187446619557,
        -827.9664434701234
    ],
    "tau_syn": [
        5.5,
        8.5,
        2.8,
        5.8
    ],
    "spike_dependent_threshold": false,
    "after_spike_currents": true,
    "adapting_threshold": false
}