{
    "V_m": -82.25556755065918,
    "V_th": -45.700840421757015,
    "g": 6.473301661786446,
    "E_L": -82.25556755065918,
    "C_m": 90.29093911687787,
    "t_ref": 3.45,
    "V_reset": -82.25556755065918,
    "spike_dependent_threshold": false,
    "after_spike_currents": false,
    "adapting_threshold": false
}