{
    "V_m": -82.25556755065918,
    "V_th": -45.700840421757015,
    "g": 6.473301661786446,
    "E_L": -82.25556755065918,
    "C_m": 90.29093911687787,
    "t_ref": 3.45,
    "V_reset": -82.25556755065918,
    "asc_init": [
        0.0,
        0.0
    ],
    "asc_decay": [
        0.003,
        0.1
    ],
    "asc_amps": [
        -8.497910171516185,
        -143.3854899315582
    ],
    "tau_syn": [
        5.5,
        8.5,
        2.8,
        5.8
    ],
    "spike_dependent_threshold": false,
    "after_spike_currents": true,
    "adapting_threshold": false
}