{
    "V_m": -69.67206954956055,
    "V_th": -47.379039247823194,
    "g": 12.697139585044786,
    "E_L": -69.67206954956055,
    "C_m": 57.05859892436362,
    "t_ref": 1.1,
    "V_reset": -69.67206954956055,
    "asc_init": [
        0.0,
        0.0
    ],
    "asc_decay": [
        0.003,
        0.1
    ],
    "asc_amps": [
        -2.099569455100419,
        -31.16170603504639
    ],
    "tau_syn": [
        5.5,
        8.5,
        2.8,
        5.8
    ],
    "spike_dependent_threshold": false,
    "after_spike_currents": true,
    "adapting_threshold": false
}