{
    "V_m": -82.34623209635417,
    "V_th": -42.67750108340241,
    "g": 9.152631543379647,
    "E_L": -82.34623209635417,
    "C_m": 88.56927745358298,
    "t_ref": 3.2500000000000004,
    "V_reset": -82.34623209635417,
    "asc_init": [
        0.0,
        0.0
    ],
    "asc_decay": [
        0.003,
        0.1
    ],
    "asc_amps": [
        -10.01217702219835,
        -169.14081633285952
    ],
    "tau_syn": [
        5.5,
        8.5,
        2.8,
        5.8
    ],
    "spike_dependent_threshold": false,
    "after_spike_currents": true,
    "adapting_threshold": false
}