{
    "V_m": -82.34623209635417,
    "V_th": -42.67750108340241,
    "g": 9.152631543379647,
    "E_L": -82.34623209635417,
    "C_m": 88.56927745358298,
    "t_ref": 3.2500000000000004,
    "V_reset": -82.34623209635417,
    "spike_dependent_threshold": false,
    "after_spike_currents": false,
    "adapting_threshold": false
}