{
    "V_m": -82.86614227294923,
    "V_th": -43.03590971601724,
    "g": 4.370933539599263,
    "E_L": -82.86614227294923,
    "C_m": 92.79866482948388,
    "t_ref": 2.6000000000000005,
    "V_reset": -82.86614227294923,
    "asc_init": [
        0.0,
        0.0
    ],
    "asc_decay": [
        0.003,
        0.1
    ],
    "asc_amps": [
        -12.841836321182088,
        -223.37037491539394
    ],
    "tau_syn": [
        5.5,
        8.5,
        2.8,
        5.8
    ],
    "spike_dependent_threshold": false,
    "after_spike_currents": true,
    "adapting_threshold": false
}