{
    "V_m": -82.86614227294923,
    "V_th": -43.03590971601724,
    "g": 4.370933539599263,
    "E_L": -82.86614227294923,
    "C_m": 92.79866482948388,
    "t_ref": 2.6000000000000005,
    "V_reset": -82.86614227294923,
    "spike_dependent_threshold": false,
    "after_spike_currents": false,
    "adapting_threshold": false
}