{
    "V_m": -85.4419733683268,
    "V_th": -52.06031827580468,
    "g": 3.7874348226402716,
    "E_L": -85.4419733683268,
    "C_m": 92.43167940771103,
    "t_ref": 2.4499999999999997,
    "V_reset": -85.4419733683268,
    "spike_dependent_threshold": false,
    "after_spike_currents": false,
    "adapting_threshold": false
}