{
    "V_m": -85.4419733683268,
    "V_th": -52.06031827580468,
    "g": 3.7874348226402716,
    "E_L": -85.4419733683268,
    "C_m": 92.43167940771103,
    "t_ref": 2.4499999999999997,
    "V_reset": -85.4419733683268,
    "asc_init": [
        0.0,
        0.0
    ],
    "asc_decay": [
        0.003,
        0.029999999999999992
    ],
    "asc_amps": [
        -7.73757668321235,
        -76.90389988892012
    ],
    "tau_syn": [
        5.5,
        8.5,
        2.8,
        5.8
    ],
    "spike_dependent_threshold": false,
    "after_spike_currents": true,
    "adapting_threshold": false
}