{
    "V_m": -82.9811553955078,
    "V_th": -41.616637831280904,
    "g": 12.3381544701326,
    "E_L": -82.9811553955078,
    "C_m": 151.82574491901448,
    "t_ref": 4.4,
    "V_reset": -82.9811553955078,
    "asc_init": [
        0.0,
        0.0
    ],
    "asc_decay": [
        0.003,
        0.1
    ],
    "asc_amps": [
        -14.732212082354872,
        -404.77339215464093
    ],
    "tau_syn": [
        5.5,
        8.5,
        2.8,
        5.8
    ],
    "spike_dependent_threshold": false,
    "after_spike_currents": true,
    "adapting_threshold": false
}