{
    "V_m": -70.27213287353514,
    "V_th": -40.62201739166751,
    "g": 7.322301661346433,
    "E_L": -70.27213287353514,
    "C_m": 64.58022714570632,
    "t_ref": 2.2500000000000004,
    "V_reset": -70.27213287353514,
    "asc_init": [
        0.0,
        0.0
    ],
    "asc_decay": [
        0.01,
        0.1
    ],
    "asc_amps": [
        -25.285432396360015,
        -255.33139114095175
    ],
    "tau_syn": [
        5.5,
        8.5,
        2.8,
        5.8
    ],
    "spike_dependent_threshold": false,
    "after_spike_currents": true,
    "adapting_threshold": false
}