{
    "V_m": -73.27389526367185,
    "V_th": -44.96482884908116,
    "g": 5.895706753867617,
    "E_L": -73.27389526367185,
    "C_m": 108.54993827883561,
    "t_ref": 2.2500000000000004,
    "V_reset": -73.27389526367185,
    "asc_init": [
        0.0,
        0.0
    ],
    "asc_decay": [
        0.003,
        0.1
    ],
    "asc_amps": [
        -4.496243440359179,
        -221.48550626256915
    ],
    "tau_syn": [
        5.5,
        8.5,
        2.8,
        5.8
    ],
    "spike_dependent_threshold": false,
    "after_spike_currents": true,
    "adapting_threshold": false
}