{
    "V_m": -76.93103027343747,
    "V_th": -47.34220481963728,
    "g": 6.631810929759881,
    "E_L": -76.93103027343747,
    "C_m": 90.90103177631043,
    "t_ref": 2.9499999999999997,
    "V_reset": -76.93103027343747,
    "asc_init": [
        0.0,
        0.0
    ],
    "asc_decay": [
        0.003,
        0.1
    ],
    "asc_amps": [
        -7.188444235908428,
        -214.1568869171747
    ],
    "tau_syn": [
        5.5,
        8.5,
        2.8,
        5.8
    ],
    "spike_dependent_threshold": false,
    "after_spike_currents": true,
    "adapting_threshold": false
}