{
    "V_m": -81.6621068318685,
    "V_th": -43.23290612254943,
    "g": 3.7199012636586657,
    "E_L": -81.6621068318685,
    "C_m": 63.177776433153724,
    "t_ref": 2.9499999999999997,
    "V_reset": -81.6621068318685,
    "spike_dependent_threshold": false,
    "after_spike_currents": false,
    "adapting_threshold": false
}