{
    "V_m": -81.6621068318685,
    "V_th": -43.23290612254943,
    "g": 3.7199012636586657,
    "E_L": -81.6621068318685,
    "C_m": 63.177776433153724,
    "t_ref": 2.9499999999999997,
    "V_reset": -81.6621068318685,
    "asc_init": [
        0.0,
        0.0
    ],
    "asc_decay": [
        0.003,
        0.1
    ],
    "asc_amps": [
        -6.062681596621286,
        -100.80329059076938
    ],
    "tau_syn": [
        5.5,
        8.5,
        2.8,
        5.8
    ],
    "spike_dependent_threshold": false,
    "after_spike_currents": true,
    "adapting_threshold": false
}