{
    "V_m": -70.65403493245444,
    "V_th": -45.00474934486327,
    "g": 9.584753848212161,
    "E_L": -70.65403493245444,
    "C_m": 75.82020888395326,
    "t_ref": 3.4000000000000004,
    "V_reset": -70.65403493245444,
    "asc_init": [
        0.0,
        0.0
    ],
    "asc_decay": [
        0.003,
        0.1
    ],
    "asc_amps": [
        -11.890861030572035,
        -220.61277690009229
    ],
    "tau_syn": [
        5.5,
        8.5,
        2.8,
        5.8
    ],
    "spike_dependent_threshold": false,
    "after_spike_currents": true,
    "adapting_threshold": false
}