{
    "V_m": -70.65403493245444,
    "V_th": -45.00474934486327,
    "g": 9.584753848212161,
    "E_L": -70.65403493245444,
    "C_m": 75.82020888395326,
    "t_ref": 3.4000000000000004,
    "V_reset": -70.65403493245444,
    "spike_dependent_threshold": false,
    "after_spike_currents": false,
    "adapting_threshold": false
}