{
    "V_m": -80.23810577392577,
    "V_th": -42.2556756300584,
    "g": 6.528867863399695,
    "E_L": -80.23810577392577,
    "C_m": 108.67518651222677,
    "t_ref": 3.95,
    "V_reset": -80.23810577392577,
    "asc_init": [
        0.0,
        0.0
    ],
    "asc_decay": [
        0.003,
        0.1
    ],
    "asc_amps": [
        -11.656990324151028,
        -227.41587624766387
    ],
    "tau_syn": [
        5.5,
        8.5,
        2.8,
        5.8
    ],
    "spike_dependent_threshold": false,
    "after_spike_currents": true,
    "adapting_threshold": false
}