{
    "V_m": -85.69469261169435,
    "V_th": -47.597830582818446,
    "g": 10.582156504577329,
    "E_L": -85.69469261169435,
    "C_m": 100.1084193225413,
    "t_ref": 3.7500000000000004,
    "V_reset": -85.69469261169435,
    "spike_dependent_threshold": false,
    "after_spike_currents": false,
    "adapting_threshold": false
}