{
    "V_m": -85.69469261169435,
    "V_th": -47.597830582818446,
    "g": 10.582156504577329,
    "E_L": -85.69469261169435,
    "C_m": 100.1084193225413,
    "t_ref": 3.7500000000000004,
    "V_reset": -85.69469261169435,
    "asc_init": [
        0.0,
        0.0
    ],
    "asc_decay": [
        0.003,
        0.1
    ],
    "asc_amps": [
        -13.716988805209,
        -261.8861008929727
    ],
    "tau_syn": [
        5.5,
        8.5,
        2.8,
        5.8
    ],
    "spike_dependent_threshold": false,
    "after_spike_currents": true,
    "adapting_threshold": false
}