{
    "V_m": -82.34133720397948,
    "V_th": -51.2219076272776,
    "g": 5.328442108672637,
    "E_L": -82.34133720397948,
    "C_m": 87.25909393909266,
    "t_ref": 5.75,
    "V_reset": -82.34133720397948,
    "spike_dependent_threshold": false,
    "after_spike_currents": false,
    "adapting_threshold": false
}