{
    "V_m": -77.68249893188481,
    "V_th": -43.2669912954944,
    "g": 6.711133570786571,
    "E_L": -77.68249893188481,
    "C_m": 81.8962674304675,
    "t_ref": 3.1000000000000005,
    "V_reset": -77.68249893188481,
    "asc_init": [
        0.0,
        0.0
    ],
    "asc_decay": [
        0.003,
        0.1
    ],
    "asc_amps": [
        -5.921872658375156,
        -202.63977959540563
    ],
    "tau_syn": [
        5.5,
        8.5,
        2.8,
        5.8
    ],
    "spike_dependent_threshold": false,
    "after_spike_currents": true,
    "adapting_threshold": false
}