{
    "V_m": -77.68249893188481,
    "V_th": -43.2669912954944,
    "g": 6.711133570786571,
    "E_L": -77.68249893188481,
    "C_m": 81.8962674304675,
    "t_ref": 3.1000000000000005,
    "V_reset": -77.68249893188481,
    "spike_dependent_threshold": false,
    "after_spike_currents": false,
    "adapting_threshold": false
}