{
    "V_m": -82.34133720397948,
    "V_th": -51.2219076272776,
    "g": 5.328442108672637,
    "E_L": -82.34133720397948,
    "C_m": 87.25909393909266,
    "t_ref": 5.75,
    "V_reset": -82.34133720397948,
    "asc_init": [
        0.0,
        0.0
    ],
    "asc_decay": [
        0.01,
        0.1
    ],
    "asc_amps": [
        -13.971571294243729,
        -196.6210079593399
    ],
    "tau_syn": [
        5.5,
        8.5,
        2.8,
        5.8
    ],
    "spike_dependent_threshold": false,
    "after_spike_currents": true,
    "adapting_threshold": false
}