{
    "V_m": -76.99653434753418,
    "V_th": -45.1638119106709,
    "g": 3.385982680717044,
    "E_L": -76.99653434753418,
    "C_m": 83.0009042862543,
    "t_ref": 4.3500000000000005,
    "V_reset": -76.99653434753418,
    "asc_init": [
        0.0,
        0.0
    ],
    "asc_decay": [
        0.003,
        0.1
    ],
    "asc_amps": [
        -5.586307083485429,
        -174.65692710178328
    ],
    "tau_syn": [
        5.5,
        8.5,
        2.8,
        5.8
    ],
    "spike_dependent_threshold": false,
    "after_spike_currents": true,
    "adapting_threshold": false
}