{
    "V_m": -77.44477462768556,
    "V_th": -46.7339495163125,
    "g": 5.110977023785321,
    "E_L": -77.44477462768556,
    "C_m": 66.66174352655864,
    "t_ref": 2.65,
    "V_reset": -77.44477462768556,
    "asc_init": [
        0.0,
        0.0
    ],
    "asc_decay": [
        0.003,
        0.1
    ],
    "asc_amps": [
        -8.347073469294948,
        -18.90192972592476
    ],
    "tau_syn": [
        5.5,
        8.5,
        2.8,
        5.8
    ],
    "spike_dependent_threshold": false,
    "after_spike_currents": true,
    "adapting_threshold": false
}