{
    "V_m": -63.145454406738274,
    "V_th": -40.0911860343013,
    "g": 1.8747767925699363,
    "E_L": -63.145454406738274,
    "C_m": 40.31112837583492,
    "t_ref": 2.4000000000000004,
    "V_reset": -63.145454406738274,
    "asc_init": [
        0.0,
        0.0
    ],
    "asc_decay": [
        0.003,
        0.1
    ],
    "asc_amps": [
        -1.8932696740893176,
        -50.96155133473415
    ],
    "tau_syn": [
        5.5,
        8.5,
        2.8,
        5.8
    ],
    "spike_dependent_threshold": false,
    "after_spike_currents": true,
    "adapting_threshold": false
}