{
    "V_m": -70.3059196472168,
    "V_th": -41.6218040909435,
    "g": 4.475766192807382,
    "E_L": -70.3059196472168,
    "C_m": 66.17144970402781,
    "t_ref": 2.0,
    "V_reset": -70.3059196472168,
    "asc_init": [
        0.0,
        0.0
    ],
    "asc_decay": [
        0.1,
        0.3
    ],
    "asc_amps": [
        -167.23307433809842,
        574.9798805448098
    ],
    "tau_syn": [
        5.5,
        8.5,
        2.8,
        5.8
    ],
    "spike_dependent_threshold": false,
    "after_spike_currents": true,
    "adapting_threshold": false
}