{
    "V_m": -70.3059196472168,
    "V_th": -41.6218040909435,
    "g": 4.475766192807382,
    "E_L": -70.3059196472168,
    "C_m": 66.17144970402781,
    "t_ref": 2.0,
    "V_reset": -70.3059196472168,
    "spike_dependent_threshold": false,
    "after_spike_currents": false,
    "adapting_threshold": false
}