{
    "V_m": -69.32464599609376,
    "V_th": -45.53385637600739,
    "g": 12.05531666495826,
    "E_L": -69.32464599609376,
    "C_m": 102.250725503158,
    "t_ref": 4.45,
    "V_reset": -69.32464599609376,
    "asc_init": [
        0.0,
        0.0
    ],
    "asc_decay": [
        0.003,
        0.1
    ],
    "asc_amps": [
        -9.254091516540367,
        -280.5582832323961
    ],
    "tau_syn": [
        5.5,
        8.5,
        2.8,
        5.8
    ],
    "spike_dependent_threshold": false,
    "after_spike_currents": true,
    "adapting_threshold": false
}