{
    "V_m": -78.13535690307617,
    "V_th": -48.39904152764779,
    "g": 5.249120431853777,
    "E_L": -78.13535690307617,
    "C_m": 48.24031614910457,
    "t_ref": 2.0,
    "V_reset": -78.13535690307617,
    "asc_init": [
        0.0,
        0.0
    ],
    "asc_decay": [
        0.01,
        0.1
    ],
    "asc_amps": [
        -1.9666588241295921,
        -48.63690524674098
    ],
    "tau_syn": [
        5.5,
        8.5,
        2.8,
        5.8
    ],
    "spike_dependent_threshold": false,
    "after_spike_currents": true,
    "adapting_threshold": false
}