{
    "V_m": -73.67083231608078,
    "V_th": -42.67298766187052,
    "g": 3.152873102812822,
    "E_L": -73.67083231608078,
    "C_m": 48.50287421126691,
    "t_ref": 1.9500000000000002,
    "V_reset": -73.67083231608078,
    "asc_init": [
        0.0,
        0.0
    ],
    "asc_decay": [
        0.029999999999999992,
        0.3
    ],
    "asc_amps": [
        -41.04110538447254,
        196.0564824400138
    ],
    "tau_syn": [
        5.5,
        8.5,
        2.8,
        5.8
    ],
    "spike_dependent_threshold": false,
    "after_spike_currents": true,
    "adapting_threshold": false
}