{
    "V_m": -77.34865061442058,
    "V_th": -44.583927049970136,
    "g": 8.87529349322459,
    "E_L": -77.34865061442058,
    "C_m": 114.78487961313732,
    "t_ref": 4.4,
    "V_reset": -77.34865061442058,
    "asc_init": [
        0.0,
        0.0
    ],
    "asc_decay": [
        0.003,
        0.1
    ],
    "asc_amps": [
        -17.363544560144607,
        -185.97132830760228
    ],
    "tau_syn": [
        5.5,
        8.5,
        2.8,
        5.8
    ],
    "spike_dependent_threshold": false,
    "after_spike_currents": true,
    "adapting_threshold": false
}