{
    "V_m": -74.84488868713377,
    "V_th": -46.306240671794754,
    "g": 7.711703779152772,
    "E_L": -74.84488868713377,
    "C_m": 86.9720557134723,
    "t_ref": 4.7,
    "V_reset": -74.84488868713377,
    "spike_dependent_threshold": false,
    "after_spike_currents": false,
    "adapting_threshold": false
}