{
    "V_m": -74.84488868713377,
    "V_th": -46.306240671794754,
    "g": 7.711703779152772,
    "E_L": -74.84488868713377,
    "C_m": 86.9720557134723,
    "t_ref": 4.7,
    "V_reset": -74.84488868713377,
    "asc_init": [
        0.0,
        0.0
    ],
    "asc_decay": [
        0.003,
        0.1
    ],
    "asc_amps": [
        -9.661728422103531,
        -218.58524344166426
    ],
    "tau_syn": [
        5.5,
        8.5,
        2.8,
        5.8
    ],
    "spike_dependent_threshold": false,
    "after_spike_currents": true,
    "adapting_threshold": false
}