{
    "V_m": -77.34865061442058,
    "V_th": -44.583927049970136,
    "g": 8.87529349322459,
    "E_L": -77.34865061442058,
    "C_m": 114.78487961313732,
    "t_ref": 4.4,
    "V_reset": -77.34865061442058,
    "spike_dependent_threshold": false,
    "after_spike_currents": false,
    "adapting_threshold": false
}