{
    "V_m": -74.35682983398436,
    "V_th": -51.571981720393524,
    "g": 6.261777020068599,
    "E_L": -74.35682983398436,
    "C_m": 92.61346688579862,
    "t_ref": 1.85,
    "V_reset": -74.35682983398436,
    "spike_dependent_threshold": false,
    "after_spike_currents": false,
    "adapting_threshold": false
}