{
    "V_m": -73.08132425944012,
    "V_th": -42.01361928738159,
    "g": 2.199864073813428,
    "E_L": -73.08132425944012,
    "C_m": 58.60949754509387,
    "t_ref": 1.65,
    "V_reset": -73.08132425944012,
    "spike_dependent_threshold": false,
    "after_spike_currents": false,
    "adapting_threshold": false
}