{
    "V_m": -73.08132425944012,
    "V_th": -42.01361928738159,
    "g": 2.199864073813428,
    "E_L": -73.08132425944012,
    "C_m": 58.60949754509387,
    "t_ref": 1.65,
    "V_reset": -73.08132425944012,
    "asc_init": [
        0.0,
        0.0
    ],
    "asc_decay": [
        0.1,
        0.3
    ],
    "asc_amps": [
        -177.5602332679549,
        447.0840916842269
    ],
    "tau_syn": [
        5.5,
        8.5,
        2.8,
        5.8
    ],
    "spike_dependent_threshold": false,
    "after_spike_currents": true,
    "adapting_threshold": false
}