{
    "V_m": -81.96036020914714,
    "V_th": -43.89645165744309,
    "g": 4.680000051293069,
    "E_L": -81.96036020914714,
    "C_m": 60.48903591919212,
    "t_ref": 2.4499999999999997,
    "V_reset": -81.96036020914714,
    "asc_init": [
        0.0,
        0.0
    ],
    "asc_decay": [
        0.003,
        0.1
    ],
    "asc_amps": [
        -5.593366838499828,
        -148.3191184302045
    ],
    "tau_syn": [
        5.5,
        8.5,
        2.8,
        5.8
    ],
    "spike_dependent_threshold": false,
    "after_spike_currents": true,
    "adapting_threshold": false
}