{
    "V_m": -77.53419240315752,
    "V_th": -36.452681199516405,
    "g": 7.651778977417046,
    "E_L": -77.53419240315752,
    "C_m": 86.86728784190734,
    "t_ref": 3.4000000000000004,
    "V_reset": -77.53419240315752,
    "asc_init": [
        0.0,
        0.0
    ],
    "asc_decay": [
        0.003,
        0.3
    ],
    "asc_amps": [
        -12.730276640132654,
        -531.4533360783213
    ],
    "tau_syn": [
        5.5,
        8.5,
        2.8,
        5.8
    ],
    "spike_dependent_threshold": false,
    "after_spike_currents": true,
    "adapting_threshold": false
}