{
    "V_m": -81.96036020914714,
    "V_th": -43.89645165744309,
    "g": 4.680000051293069,
    "E_L": -81.96036020914714,
    "C_m": 60.48903591919212,
    "t_ref": 2.4499999999999997,
    "V_reset": -81.96036020914714,
    "spike_dependent_threshold": false,
    "after_spike_currents": false,
    "adapting_threshold": false
}