{
    "V_m": -76.93316078186035,
    "V_th": -45.43175753353442,
    "g": 6.201496080767514,
    "E_L": -76.93316078186035,
    "C_m": 82.35036758916858,
    "t_ref": 3.65,
    "V_reset": -76.93316078186035,
    "asc_init": [
        0.0,
        0.0
    ],
    "asc_decay": [
        0.003,
        0.1
    ],
    "asc_amps": [
        -4.510702951603757,
        -232.72260095307723
    ],
    "tau_syn": [
        5.5,
        8.5,
        2.8,
        5.8
    ],
    "spike_dependent_threshold": false,
    "after_spike_currents": true,
    "adapting_threshold": false
}