{
    "V_m": -76.93316078186035,
    "V_th": -45.43175753353442,
    "g": 6.201496080767514,
    "E_L": -76.93316078186035,
    "C_m": 82.35036758916858,
    "t_ref": 3.65,
    "V_reset": -76.93316078186035,
    "spike_dependent_threshold": false,
    "after_spike_currents": false,
    "adapting_threshold": false
}