{
    "V_m": -78.68976974487305,
    "V_th": -57.0036270218706,
    "g": 8.007937997828774,
    "E_L": -78.68976974487305,
    "C_m": 80.36205885176888,
    "t_ref": 1.7000000000000002,
    "V_reset": -78.68976974487305,
    "spike_dependent_threshold": false,
    "after_spike_currents": false,
    "adapting_threshold": false
}