{
    "V_m": -78.68976974487305,
    "V_th": -57.0036270218706,
    "g": 8.007937997828774,
    "E_L": -78.68976974487305,
    "C_m": 80.36205885176888,
    "t_ref": 1.7000000000000002,
    "V_reset": -78.68976974487305,
    "asc_init": [
        0.0,
        0.0
    ],
    "asc_decay": [
        0.003,
        0.1
    ],
    "asc_amps": [
        -1.3563319075049063,
        -34.71844304231396
    ],
    "tau_syn": [
        5.5,
        8.5,
        2.8,
        5.8
    ],
    "spike_dependent_threshold": false,
    "after_spike_currents": true,
    "adapting_threshold": false
}