{
    "V_m": -70.45950889587401,
    "V_th": -44.23152364988978,
    "g": 9.195230009748064,
    "E_L": -70.45950889587401,
    "C_m": 81.21058405283176,
    "t_ref": 1.5,
    "V_reset": -70.45950889587401,
    "spike_dependent_threshold": false,
    "after_spike_currents": false,
    "adapting_threshold": false
}