{
    "V_m": -71.41092681884763,
    "V_th": -51.41265242847505,
    "g": 5.944895184168222,
    "E_L": -71.41092681884763,
    "C_m": 104.11668359138147,
    "t_ref": 3.4000000000000004,
    "V_reset": -71.41092681884763,
    "spike_dependent_threshold": false,
    "after_spike_currents": false,
    "adapting_threshold": false
}