{
    "V_m": -72.43453979492189,
    "V_th": -42.715090889442166,
    "g": 12.648782441414598,
    "E_L": -72.43453979492189,
    "C_m": 96.3347172957693,
    "t_ref": 4.25,
    "V_reset": -72.43453979492189,
    "asc_init": [
        0.0,
        0.0
    ],
    "asc_decay": [
        0.003,
        0.1
    ],
    "asc_amps": [
        -15.242565133514232,
        -227.65271240943247
    ],
    "tau_syn": [
        5.5,
        8.5,
        2.8,
        5.8
    ],
    "spike_dependent_threshold": false,
    "after_spike_currents": true,
    "adapting_threshold": false
}