{
    "V_m": -70.98344039916992,
    "V_th": -35.42075248689635,
    "g": 5.9795110013209944,
    "E_L": -70.98344039916992,
    "C_m": 107.29739603738751,
    "t_ref": 3.2,
    "V_reset": -70.98344039916992,
    "asc_init": [
        0.0,
        0.0
    ],
    "asc_decay": [
        0.003,
        0.029999999999999992
    ],
    "asc_amps": [
        -9.169220501196147,
        -99.46313550640315
    ],
    "tau_syn": [
        5.5,
        8.5,
        2.8,
        5.8
    ],
    "spike_dependent_threshold": false,
    "after_spike_currents": true,
    "adapting_threshold": false
}