{
    "V_m": -70.98344039916992,
    "V_th": -35.42075248689635,
    "g": 5.9795110013209944,
    "E_L": -70.98344039916992,
    "C_m": 107.29739603738751,
    "t_ref": 3.2,
    "V_reset": -70.98344039916992,
    "spike_dependent_threshold": false,
    "after_spike_currents": false,
    "adapting_threshold": false
}