{
    "V_m": -71.88043365478516,
    "V_th": -48.95374947535634,
    "g": 8.799698031411188,
    "E_L": -71.88043365478516,
    "C_m": 205.63234445093633,
    "t_ref": 3.2500000000000004,
    "V_reset": -71.88043365478516,
    "spike_dependent_threshold": false,
    "after_spike_currents": false,
    "adapting_threshold": false
}