{
    "V_m": -71.88043365478516,
    "V_th": -48.95374947535634,
    "g": 8.799698031411188,
    "E_L": -71.88043365478516,
    "C_m": 205.63234445093633,
    "t_ref": 3.2500000000000004,
    "V_reset": -71.88043365478516,
    "asc_init": [
        0.0,
        0.0
    ],
    "asc_decay": [
        0.1,
        0.3
    ],
    "asc_amps": [
        -485.51979552097873,
        907.2018742833308
    ],
    "tau_syn": [
        5.5,
        8.5,
        2.8,
        5.8
    ],
    "spike_dependent_threshold": false,
    "after_spike_currents": true,
    "adapting_threshold": false
}