{
    "V_m": -73.30062357584633,
    "V_th": -37.57837016608795,
    "g": 6.846284605100222,
    "E_L": -73.30062357584633,
    "C_m": 52.353697808027725,
    "t_ref": 3.2,
    "V_reset": -73.30062357584633,
    "spike_dependent_threshold": false,
    "after_spike_currents": false,
    "adapting_threshold": false
}