{
    "V_m": -75.51183064778644,
    "V_th": -44.18288626885318,
    "g": 8.71598465297775,
    "E_L": -75.51183064778644,
    "C_m": 76.46311085880271,
    "t_ref": 3.35,
    "V_reset": -75.51183064778644,
    "asc_init": [
        0.0,
        0.0
    ],
    "asc_decay": [
        0.003,
        0.1
    ],
    "asc_amps": [
        -7.7813805234578455,
        -172.3371400158383
    ],
    "tau_syn": [
        5.5,
        8.5,
        2.8,
        5.8
    ],
    "spike_dependent_threshold": false,
    "after_spike_currents": true,
    "adapting_threshold": false
}