{
    "V_m": -75.51183064778644,
    "V_th": -44.18288626885318,
    "g": 8.71598465297775,
    "E_L": -75.51183064778644,
    "C_m": 76.46311085880271,
    "t_ref": 3.35,
    "V_reset": -75.51183064778644,
    "spike_dependent_threshold": false,
    "after_spike_currents": false,
    "adapting_threshold": false
}