{
    "V_m": -72.39332962036133,
    "V_th": -50.05987131511115,
    "g": 11.555992058769966,
    "E_L": -72.39332962036133,
    "C_m": 54.70326021530672,
    "t_ref": 1.6,
    "V_reset": -72.39332962036133,
    "asc_init": [
        0.0,
        0.0
    ],
    "asc_decay": [
        0.003,
        0.3
    ],
    "asc_amps": [
        -3.460746203258045,
        82.65893613833794
    ],
    "tau_syn": [
        5.5,
        8.5,
        2.8,
        5.8
    ],
    "spike_dependent_threshold": false,
    "after_spike_currents": true,
    "adapting_threshold": false
}