{
    "V_m": -72.39332962036133,
    "V_th": -50.05987131511115,
    "g": 11.555992058769966,
    "E_L": -72.39332962036133,
    "C_m": 54.70326021530672,
    "t_ref": 1.6,
    "V_reset": -72.39332962036133,
    "spike_dependent_threshold": false,
    "after_spike_currents": false,
    "adapting_threshold": false
}