{
    "V_m": -71.6041946411133,
    "V_th": -45.97114327546162,
    "g": 6.817759410065666,
    "E_L": -71.6041946411133,
    "C_m": 81.68877150951266,
    "t_ref": 3.0500000000000003,
    "V_reset": -71.6041946411133,
    "spike_dependent_threshold": false,
    "after_spike_currents": false,
    "adapting_threshold": false
}