{
    "V_m": -71.6041946411133,
    "V_th": -45.97114327546162,
    "g": 6.817759410065666,
    "E_L": -71.6041946411133,
    "C_m": 81.68877150951266,
    "t_ref": 3.0500000000000003,
    "V_reset": -71.6041946411133,
    "asc_init": [
        0.0,
        0.0
    ],
    "asc_decay": [
        0.003,
        0.1
    ],
    "asc_amps": [
        -8.192849212401699,
        -126.6945203714629
    ],
    "tau_syn": [
        5.5,
        8.5,
        2.8,
        5.8
    ],
    "spike_dependent_threshold": false,
    "after_spike_currents": true,
    "adapting_threshold": false
}