{
    "V_m": -74.63142903645833,
    "V_th": -43.613945662204856,
    "g": 5.9465047993088564,
    "E_L": -74.63142903645833,
    "C_m": 50.41575880368983,
    "t_ref": 1.65,
    "V_reset": -74.63142903645833,
    "spike_dependent_threshold": false,
    "after_spike_currents": false,
    "adapting_threshold": false
}