{
    "V_m": -74.63142903645833,
    "V_th": -43.613945662204856,
    "g": 5.9465047993088564,
    "E_L": -74.63142903645833,
    "C_m": 50.41575880368983,
    "t_ref": 1.65,
    "V_reset": -74.63142903645833,
    "asc_init": [
        0.0,
        0.0
    ],
    "asc_decay": [
        0.003,
        0.1
    ],
    "asc_amps": [
        -1.4633977082295473,
        -54.420188538660646
    ],
    "tau_syn": [
        5.5,
        8.5,
        2.8,
        5.8
    ],
    "spike_dependent_threshold": false,
    "after_spike_currents": true,
    "adapting_threshold": false
}