{
    "V_m": -74.03111521402997,
    "V_th": -45.928783971497566,
    "g": 8.53934541427292,
    "E_L": -74.03111521402997,
    "C_m": 62.76690583912855,
    "t_ref": 1.7000000000000002,
    "V_reset": -74.03111521402997,
    "asc_init": [
        0.0,
        0.0
    ],
    "asc_decay": [
        0.003,
        0.3
    ],
    "asc_amps": [
        -1.830391102170431,
        -179.61598989866675
    ],
    "tau_syn": [
        5.5,
        8.5,
        2.8,
        5.8
    ],
    "spike_dependent_threshold": false,
    "after_spike_currents": true,
    "adapting_threshold": false
}