{
    "V_m": -81.67051696777341,
    "V_th": -50.76720942882519,
    "g": 4.865295925102846,
    "E_L": -81.67051696777341,
    "C_m": 60.839669002959965,
    "t_ref": 3.95,
    "V_reset": -81.67051696777341,
    "spike_dependent_threshold": false,
    "after_spike_currents": false,
    "adapting_threshold": false
}