{
    "V_m": -72.61812337239583,
    "V_th": -43.67936968027255,
    "g": 6.836299382403907,
    "E_L": -72.61812337239583,
    "C_m": 65.37398433263354,
    "t_ref": 4.800000000000001,
    "V_reset": -72.61812337239583,
    "asc_init": [
        0.0,
        0.0
    ],
    "asc_decay": [
        0.003,
        0.1
    ],
    "asc_amps": [
        -6.687948237725988,
        -222.44017891032684
    ],
    "tau_syn": [
        5.5,
        8.5,
        2.8,
        5.8
    ],
    "spike_dependent_threshold": false,
    "after_spike_currents": true,
    "adapting_threshold": false
}