{
    "V_m": -81.67051696777341,
    "V_th": -50.76720942882519,
    "g": 4.865295925102846,
    "E_L": -81.67051696777341,
    "C_m": 60.839669002959965,
    "t_ref": 3.95,
    "V_reset": -81.67051696777341,
    "asc_init": [
        0.0,
        0.0
    ],
    "asc_decay": [
        0.003,
        0.1
    ],
    "asc_amps": [
        -8.211376611580185,
        -146.80229078059463
    ],
    "tau_syn": [
        5.5,
        8.5,
        2.8,
        5.8
    ],
    "spike_dependent_threshold": false,
    "after_spike_currents": true,
    "adapting_threshold": false
}