{
    "V_m": -72.61812337239583,
    "V_th": -43.67936968027255,
    "g": 6.836299382403907,
    "E_L": -72.61812337239583,
    "C_m": 65.37398433263354,
    "t_ref": 4.800000000000001,
    "V_reset": -72.61812337239583,
    "spike_dependent_threshold": false,
    "after_spike_currents": false,
    "adapting_threshold": false
}