{
    "V_m": -67.35699844360354,
    "V_th": -47.85187160322461,
    "g": 4.698768090412883,
    "E_L": -67.35699844360354,
    "C_m": 61.28011928479599,
    "t_ref": 1.1,
    "V_reset": -67.35699844360354,
    "asc_init": [
        0.0,
        0.0
    ],
    "asc_decay": [
        0.1,
        0.3
    ],
    "asc_amps": [
        -132.3738512918739,
        359.2291223803141
    ],
    "tau_syn": [
        5.5,
        8.5,
        2.8,
        5.8
    ],
    "spike_dependent_threshold": false,
    "after_spike_currents": true,
    "adapting_threshold": false
}