{
    "V_m": -67.35699844360354,
    "V_th": -47.85187160322461,
    "g": 4.698768090412883,
    "E_L": -67.35699844360354,
    "C_m": 61.28011928479599,
    "t_ref": 1.1,
    "V_reset": -67.35699844360354,
    "spike_dependent_threshold": false,
    "after_spike_currents": false,
    "adapting_threshold": false
}