{
    "V_m": -70.39350509643555,
    "V_th": -47.008906323766766,
    "g": 7.258754694853443,
    "E_L": -70.39350509643555,
    "C_m": 85.23166874962325,
    "t_ref": 3.95,
    "V_reset": -70.39350509643555,
    "spike_dependent_threshold": false,
    "after_spike_currents": false,
    "adapting_threshold": false
}