{
    "V_m": -70.39350509643555,
    "V_th": -47.008906323766766,
    "g": 7.258754694853443,
    "E_L": -70.39350509643555,
    "C_m": 85.23166874962325,
    "t_ref": 3.95,
    "V_reset": -70.39350509643555,
    "asc_init": [
        0.0,
        0.0
    ],
    "asc_decay": [
        0.003,
        0.1
    ],
    "asc_amps": [
        -9.83021335940895,
        -158.72308704451024
    ],
    "tau_syn": [
        5.5,
        8.5,
        2.8,
        5.8
    ],
    "spike_dependent_threshold": false,
    "after_spike_currents": true,
    "adapting_threshold": false
}