{
    "V_m": -67.69359970092769,
    "V_th": -45.23958071931273,
    "g": 3.792108832310411,
    "E_L": -67.69359970092769,
    "C_m": 81.3254602073662,
    "t_ref": 3.9000000000000004,
    "V_reset": -67.69359970092769,
    "spike_dependent_threshold": false,
    "after_spike_currents": false,
    "adapting_threshold": false
}