{
    "V_m": -67.69359970092769,
    "V_th": -45.23958071931273,
    "g": 3.792108832310411,
    "E_L": -67.69359970092769,
    "C_m": 81.3254602073662,
    "t_ref": 3.9000000000000004,
    "V_reset": -67.69359970092769,
    "asc_init": [
        0.0,
        0.0
    ],
    "asc_decay": [
        0.003,
        0.1
    ],
    "asc_amps": [
        -6.072182729568605,
        -116.72508451465787
    ],
    "tau_syn": [
        5.5,
        8.5,
        2.8,
        5.8
    ],
    "spike_dependent_threshold": false,
    "after_spike_currents": true,
    "adapting_threshold": false
}