{
    "V_m": -70.01383209228516,
    "V_th": -47.23350791467615,
    "g": 7.289645638907736,
    "E_L": -70.01383209228516,
    "C_m": 51.95425607727453,
    "t_ref": 1.4500000000000002,
    "V_reset": -70.01383209228516,
    "spike_dependent_threshold": false,
    "after_spike_currents": false,
    "adapting_threshold": false
}