{
    "V_m": -70.01383209228516,
    "V_th": -47.23350791467615,
    "g": 7.289645638907736,
    "E_L": -70.01383209228516,
    "C_m": 51.95425607727453,
    "t_ref": 1.4500000000000002,
    "V_reset": -70.01383209228516,
    "asc_init": [
        0.0,
        0.0
    ],
    "asc_decay": [
        0.1,
        0.3
    ],
    "asc_amps": [
        -162.32016500442634,
        288.8451590560424
    ],
    "tau_syn": [
        5.5,
        8.5,
        2.8,
        5.8
    ],
    "spike_dependent_threshold": false,
    "after_spike_currents": true,
    "adapting_threshold": false
}