{
    "V_m": -76.35791969299319,
    "V_th": -42.48686455834839,
    "g": 12.431528322897272,
    "E_L": -76.35791969299319,
    "C_m": 172.61186290072553,
    "t_ref": 5.55,
    "V_reset": -76.35791969299319,
    "asc_init": [
        0.0,
        0.0
    ],
    "asc_decay": [
        0.003,
        0.1
    ],
    "asc_amps": [
        -14.783638856837971,
        -340.29218295643744
    ],
    "tau_syn": [
        5.5,
        8.5,
        2.8,
        5.8
    ],
    "spike_dependent_threshold": false,
    "after_spike_currents": true,
    "adapting_threshold": false
}