{
    "V_m": -76.35791969299319,
    "V_th": -42.48686455834839,
    "g": 12.431528322897272,
    "E_L": -76.35791969299319,
    "C_m": 172.61186290072553,
    "t_ref": 5.55,
    "V_reset": -76.35791969299319,
    "spike_dependent_threshold": false,
    "after_spike_currents": false,
    "adapting_threshold": false
}