{
    "V_m": -80.40148544311522,
    "V_th": -51.081803875168184,
    "g": 9.801412342858699,
    "E_L": -80.40148544311522,
    "C_m": 119.35589287209548,
    "t_ref": 4.3,
    "V_reset": -80.40148544311522,
    "asc_init": [
        0.0,
        0.0
    ],
    "asc_decay": [
        0.003,
        0.1
    ],
    "asc_amps": [
        -8.456083158510962,
        -266.77866840182406
    ],
    "tau_syn": [
        5.5,
        8.5,
        2.8,
        5.8
    ],
    "spike_dependent_threshold": false,
    "after_spike_currents": true,
    "adapting_threshold": false
}