{
    "V_m": -79.47636032104491,
    "V_th": -49.46761553998614,
    "g": 8.08797094736185,
    "E_L": -79.47636032104491,
    "C_m": 112.74329192346491,
    "t_ref": 3.6000000000000005,
    "V_reset": -79.47636032104491,
    "asc_init": [
        0.0,
        0.0
    ],
    "asc_decay": [
        0.003,
        0.3
    ],
    "asc_amps": [
        -9.885446274341392,
        -686.2634778648049
    ],
    "tau_syn": [
        5.5,
        8.5,
        2.8,
        5.8
    ],
    "spike_dependent_threshold": false,
    "after_spike_currents": true,
    "adapting_threshold": false
}