{
    "V_m": -80.1145420074463,
    "V_th": -47.85537272766998,
    "g": 7.940034860289173,
    "E_L": -80.1145420074463,
    "C_m": 89.07543242239626,
    "t_ref": 3.5500000000000003,
    "V_reset": -80.1145420074463,
    "asc_init": [
        0.0,
        0.0
    ],
    "asc_decay": [
        0.003,
        0.1
    ],
    "asc_amps": [
        -7.6421836770639775,
        -184.05913346862692
    ],
    "tau_syn": [
        5.5,
        8.5,
        2.8,
        5.8
    ],
    "spike_dependent_threshold": false,
    "after_spike_currents": true,
    "adapting_threshold": false
}