{
    "V_m": -74.20235697428384,
    "V_th": -45.41244371516515,
    "g": 12.141938305419892,
    "E_L": -74.20235697428384,
    "C_m": 150.4146738970428,
    "t_ref": 4.4,
    "V_reset": -74.20235697428384,
    "asc_init": [
        0.0,
        0.0
    ],
    "asc_decay": [
        0.003,
        0.3
    ],
    "asc_amps": [
        -15.43129517276659,
        -934.9597020217764
    ],
    "tau_syn": [
        5.5,
        8.5,
        2.8,
        5.8
    ],
    "spike_dependent_threshold": false,
    "after_spike_currents": true,
    "adapting_threshold": false
}