{
    "V_m": -74.20235697428384,
    "V_th": -45.41244371516515,
    "g": 12.141938305419892,
    "E_L": -74.20235697428384,
    "C_m": 150.4146738970428,
    "t_ref": 4.4,
    "V_reset": -74.20235697428384,
    "spike_dependent_threshold": false,
    "after_spike_currents": false,
    "adapting_threshold": false
}