{
    "V_m": -68.2014134724935,
    "V_th": -48.17285507839676,
    "g": 3.953692968934968,
    "E_L": -68.2014134724935,
    "C_m": 134.37277676758245,
    "t_ref": 4.3,
    "V_reset": -68.2014134724935,
    "asc_init": [
        0.0,
        0.0
    ],
    "asc_decay": [
        0.029999999999999992,
        0.1
    ],
    "asc_amps": [
        -65.67177477030869,
        -68.32934054897669
    ],
    "tau_syn": [
        5.5,
        8.5,
        2.8,
        5.8
    ],
    "spike_dependent_threshold": false,
    "after_spike_currents": true,
    "adapting_threshold": false
}