{
    "V_m": -77.80106353759766,
    "V_th": -41.207839742093775,
    "g": 4.994741077333464,
    "E_L": -77.80106353759766,
    "C_m": 131.72200686612555,
    "t_ref": 7.500000000000001,
    "V_reset": -77.80106353759766,
    "asc_init": [
        0.0,
        0.0
    ],
    "asc_decay": [
        0.003,
        0.1
    ],
    "asc_amps": [
        -7.855026913414447,
        -260.10191452359174
    ],
    "tau_syn": [
        5.5,
        8.5,
        2.8,
        5.8
    ],
    "spike_dependent_threshold": false,
    "after_spike_currents": true,
    "adapting_threshold": false
}