{
    "V_m": -72.35803794860843,
    "V_th": -42.766332463796225,
    "g": 7.280597412292664,
    "E_L": -72.35803794860843,
    "C_m": 102.62018050554339,
    "t_ref": 5.1000000000000005,
    "V_reset": -72.35803794860843,
    "spike_dependent_threshold": false,
    "after_spike_currents": false,
    "adapting_threshold": false
}