{
    "V_m": -72.35803794860843,
    "V_th": -42.766332463796225,
    "g": 7.280597412292664,
    "E_L": -72.35803794860843,
    "C_m": 102.62018050554339,
    "t_ref": 5.1000000000000005,
    "V_reset": -72.35803794860843,
    "asc_init": [
        0.0,
        0.0
    ],
    "asc_decay": [
        0.003,
        0.1
    ],
    "asc_amps": [
        -6.604896095983924,
        -178.8293751731952
    ],
    "tau_syn": [
        5.5,
        8.5,
        2.8,
        5.8
    ],
    "spike_dependent_threshold": false,
    "after_spike_currents": true,
    "adapting_threshold": false
}