{
    "V_m": -77.80106353759766,
    "V_th": -41.207839742093775,
    "g": 4.994741077333464,
    "E_L": -77.80106353759766,
    "C_m": 131.72200686612555,
    "t_ref": 7.500000000000001,
    "V_reset": -77.80106353759766,
    "spike_dependent_threshold": false,
    "after_spike_currents": false,
    "adapting_threshold": false
}