{
    "V_m": -68.2014134724935,
    "V_th": -48.17285507839676,
    "g": 3.953692968934968,
    "E_L": -68.2014134724935,
    "C_m": 134.37277676758245,
    "t_ref": 4.3,
    "V_reset": -68.2014134724935,
    "spike_dependent_threshold": false,
    "after_spike_currents": false,
    "adapting_threshold": false
}