{
    "V_m": -73.94720649719237,
    "V_th": -49.64797655672844,
    "g": 15.785475402061351,
    "E_L": -73.94720649719237,
    "C_m": 206.76115649574925,
    "t_ref": 5.8500000000000005,
    "V_reset": -73.94720649719237,
    "asc_init": [
        0.0,
        0.0
    ],
    "asc_decay": [
        0.01,
        0.1
    ],
    "asc_amps": [
        -23.312474726339797,
        -424.38508136253563
    ],
    "tau_syn": [
        5.5,
        8.5,
        2.8,
        5.8
    ],
    "spike_dependent_threshold": false,
    "after_spike_currents": true,
    "adapting_threshold": false
}