{
    "V_m": -73.94720649719237,
    "V_th": -49.64797655672844,
    "g": 15.785475402061351,
    "E_L": -73.94720649719237,
    "C_m": 206.76115649574925,
    "t_ref": 5.8500000000000005,
    "V_reset": -73.94720649719237,
    "spike_dependent_threshold": false,
    "after_spike_currents": false,
    "adapting_threshold": false
}