{
    "V_m": -77.58141581217451,
    "V_th": -41.71860690738748,
    "g": 4.788261551905195,
    "E_L": -77.58141581217451,
    "C_m": 70.87093770777658,
    "t_ref": 3.6000000000000005,
    "V_reset": -77.58141581217451,
    "asc_init": [
        0.0,
        0.0
    ],
    "asc_decay": [
        0.003,
        0.3
    ],
    "asc_amps": [
        -7.40019995323555,
        -479.612435696464
    ],
    "tau_syn": [
        5.5,
        8.5,
        2.8,
        5.8
    ],
    "spike_dependent_threshold": false,
    "after_spike_currents": true,
    "adapting_threshold": false
}