{
    "V_m": -77.58141581217451,
    "V_th": -41.71860690738748,
    "g": 4.788261551905195,
    "E_L": -77.58141581217451,
    "C_m": 70.87093770777658,
    "t_ref": 3.6000000000000005,
    "V_reset": -77.58141581217451,
    "spike_dependent_threshold": false,
    "after_spike_currents": false,
    "adapting_threshold": false
}