{
    "V_m": -78.08306121826173,
    "V_th": -46.45106559236555,
    "g": 8.630121415188196,
    "E_L": -78.08306121826173,
    "C_m": 140.10737030572463,
    "t_ref": 7.850000000000001,
    "V_reset": -78.08306121826173,
    "spike_dependent_threshold": false,
    "after_spike_currents": false,
    "adapting_threshold": false
}