{
    "V_m": -78.08306121826173,
    "V_th": -46.45106559236555,
    "g": 8.630121415188196,
    "E_L": -78.08306121826173,
    "C_m": 140.10737030572463,
    "t_ref": 7.850000000000001,
    "V_reset": -78.08306121826173,
    "asc_init": [
        0.0,
        0.0
    ],
    "asc_decay": [
        0.003,
        0.1
    ],
    "asc_amps": [
        -11.859189922857013,
        -400.6915449401958
    ],
    "tau_syn": [
        5.5,
        8.5,
        2.8,
        5.8
    ],
    "spike_dependent_threshold": false,
    "after_spike_currents": true,
    "adapting_threshold": false
}