{
    "V_m": -73.25737762451169,
    "V_th": -42.80451816088932,
    "g": 2.6325045813463985,
    "E_L": -73.25737762451169,
    "C_m": 43.01769239136408,
    "t_ref": 2.4000000000000004,
    "V_reset": -73.25737762451169,
    "asc_init": [
        0.0,
        0.0
    ],
    "asc_decay": [
        0.1,
        0.3
    ],
    "asc_amps": [
        -51.01328042018947,
        228.80539896885296
    ],
    "tau_syn": [
        5.5,
        8.5,
        2.8,
        5.8
    ],
    "spike_dependent_threshold": false,
    "after_spike_currents": true,
    "adapting_threshold": false
}