{
    "V_m": -77.50121879577635,
    "V_th": -44.39395888748825,
    "g": 6.685015507054782,
    "E_L": -77.50121879577635,
    "C_m": 54.79333312665588,
    "t_ref": 3.0500000000000003,
    "V_reset": -77.50121879577635,
    "spike_dependent_threshold": false,
    "after_spike_currents": false,
    "adapting_threshold": false
}