{
    "V_m": -67.46374766031897,
    "V_th": -44.358993268063145,
    "g": 4.888556893617896,
    "E_L": -67.46374766031897,
    "C_m": 79.8612386335537,
    "t_ref": 1.8000000000000003,
    "V_reset": -67.46374766031897,
    "asc_init": [
        0.0,
        0.0
    ],
    "asc_decay": [
        0.003,
        0.3
    ],
    "asc_amps": [
        -11.895060259168487,
        68.6916962893469
    ],
    "tau_syn": [
        5.5,
        8.5,
        2.8,
        5.8
    ],
    "spike_dependent_threshold": false,
    "after_spike_currents": true,
    "adapting_threshold": false
}