{
    "V_m": -72.3920078277588,
    "V_th": -46.27658666471213,
    "g": 6.23295396319135,
    "E_L": -72.3920078277588,
    "C_m": 87.39886866082956,
    "t_ref": 3.6000000000000005,
    "V_reset": -72.3920078277588,
    "asc_init": [
        0.0,
        0.0
    ],
    "asc_decay": [
        0.003,
        0.029999999999999992
    ],
    "asc_amps": [
        -8.00422892860468,
        -51.16053509668681
    ],
    "tau_syn": [
        5.5,
        8.5,
        2.8,
        5.8
    ],
    "spike_dependent_threshold": false,
    "after_spike_currents": true,
    "adapting_threshold": false
}