{
    "V_m": -72.3920078277588,
    "V_th": -46.27658666471213,
    "g": 6.23295396319135,
    "E_L": -72.3920078277588,
    "C_m": 87.39886866082956,
    "t_ref": 3.6000000000000005,
    "V_reset": -72.3920078277588,
    "spike_dependent_threshold": false,
    "after_spike_currents": false,
    "adapting_threshold": false
}