{
    "V_m": -69.77668380737305,
    "V_th": -43.55412684974958,
    "g": 5.806863848684675,
    "E_L": -69.77668380737305,
    "C_m": 40.40464652270061,
    "t_ref": 1.4,
    "V_reset": -69.77668380737305,
    "asc_init": [
        0.0,
        0.0
    ],
    "asc_decay": [
        0.1,
        0.3
    ],
    "asc_amps": [
        -133.0604247196068,
        177.6841759387026
    ],
    "tau_syn": [
        5.5,
        8.5,
        2.8,
        5.8
    ],
    "spike_dependent_threshold": false,
    "after_spike_currents": true,
    "adapting_threshold": false
}