{
    "V_m": -76.76024627685547,
    "V_th": -39.27665543509994,
    "g": 7.287321385148564,
    "E_L": -76.76024627685547,
    "C_m": 108.46720294760819,
    "t_ref": 4.65,
    "V_reset": -76.76024627685547,
    "asc_init": [
        0.0,
        0.0
    ],
    "asc_decay": [
        0.003,
        0.1
    ],
    "asc_amps": [
        -11.94819875595226,
        -214.1496085026718
    ],
    "tau_syn": [
        5.5,
        8.5,
        2.8,
        5.8
    ],
    "spike_dependent_threshold": false,
    "after_spike_currents": true,
    "adapting_threshold": false
}