{
    "V_m": -76.76024627685547,
    "V_th": -39.27665543509994,
    "g": 7.287321385148564,
    "E_L": -76.76024627685547,
    "C_m": 108.46720294760819,
    "t_ref": 4.65,
    "V_reset": -76.76024627685547,
    "spike_dependent_threshold": false,
    "after_spike_currents": false,
    "adapting_threshold": false
}