{
    "V_m": -79.0886478424072,
    "V_th": -42.29669097033061,
    "g": 8.084879458550786,
    "E_L": -79.0886478424072,
    "C_m": 110.71027974149716,
    "t_ref": 5.0,
    "V_reset": -79.0886478424072,
    "asc_init": [
        0.0,
        0.0
    ],
    "asc_decay": [
        0.01,
        0.1
    ],
    "asc_amps": [
        -33.52228604415266,
        -254.41310480604722
    ],
    "tau_syn": [
        5.5,
        8.5,
        2.8,
        5.8
    ],
    "spike_dependent_threshold": false,
    "after_spike_currents": true,
    "adapting_threshold": false
}