{
    "V_m": -72.20886993408205,
    "V_th": -45.04698200912065,
    "g": 6.330405914397499,
    "E_L": -72.20886993408205,
    "C_m": 54.11325653977666,
    "t_ref": 1.35,
    "V_reset": -72.20886993408205,
    "spike_dependent_threshold": false,
    "after_spike_currents": false,
    "adapting_threshold": false
}