{
    "V_m": -72.20886993408205,
    "V_th": -45.04698200912065,
    "g": 6.330405914397499,
    "E_L": -72.20886993408205,
    "C_m": 54.11325653977666,
    "t_ref": 1.35,
    "V_reset": -72.20886993408205,
    "asc_init": [
        0.0,
        0.0
    ],
    "asc_decay": [
        0.1,
        0.3
    ],
    "asc_amps": [
        -109.6104341429683,
        245.15488059138383
    ],
    "tau_syn": [
        5.5,
        8.5,
        2.8,
        5.8
    ],
    "spike_dependent_threshold": false,
    "after_spike_currents": true,
    "adapting_threshold": false
}