{
    "V_m": -75.96221351623534,
    "V_th": -56.213968231719065,
    "g": 7.80042108430808,
    "E_L": -75.96221351623534,
    "C_m": 156.05730149290807,
    "t_ref": 4.800000000000001,
    "V_reset": -75.96221351623534,
    "asc_init": [
        0.0,
        0.0
    ],
    "asc_decay": [
        0.029999999999999992,
        0.1
    ],
    "asc_amps": [
        -55.525906759912516,
        -111.06328193542909
    ],
    "tau_syn": [
        5.5,
        8.5,
        2.8,
        5.8
    ],
    "spike_dependent_threshold": false,
    "after_spike_currents": true,
    "adapting_threshold": false
}