{
    "V_m": -74.58270009358723,
    "V_th": -38.95449252688437,
    "g": 8.811882672144078,
    "E_L": -74.58270009358723,
    "C_m": 54.05853576384319,
    "t_ref": 1.6,
    "V_reset": -74.58270009358723,
    "asc_init": [
        0.0,
        0.0
    ],
    "asc_decay": [
        0.003,
        0.029999999999999992
    ],
    "asc_amps": [
        -6.499376652474389,
        -3.192161266089839
    ],
    "tau_syn": [
        5.5,
        8.5,
        2.8,
        5.8
    ],
    "spike_dependent_threshold": false,
    "after_spike_currents": true,
    "adapting_threshold": false
}