{
    "V_m": -76.57704353332521,
    "V_th": -43.732927037309494,
    "g": 7.679289860786635,
    "E_L": -76.57704353332521,
    "C_m": 109.63435943390054,
    "t_ref": 4.7,
    "V_reset": -76.57704353332521,
    "spike_dependent_threshold": false,
    "after_spike_currents": false,
    "adapting_threshold": false
}