{
    "V_m": -79.54505920410156,
    "V_th": -50.61452826299834,
    "g": 6.991316204771477,
    "E_L": -79.54505920410156,
    "C_m": 61.714841850318955,
    "t_ref": 2.5500000000000003,
    "V_reset": -79.54505920410156,
    "asc_init": [
        0.0,
        0.0
    ],
    "asc_decay": [
        0.003,
        0.1
    ],
    "asc_amps": [
        -8.438049074287337,
        -171.93148091932503
    ],
    "tau_syn": [
        5.5,
        8.5,
        2.8,
        5.8
    ],
    "spike_dependent_threshold": false,
    "after_spike_currents": true,
    "adapting_threshold": false
}