{
    "V_m": -76.57704353332521,
    "V_th": -43.732927037309494,
    "g": 7.679289860786635,
    "E_L": -76.57704353332521,
    "C_m": 109.63435943390054,
    "t_ref": 4.7,
    "V_reset": -76.57704353332521,
    "asc_init": [
        0.0,
        0.0
    ],
    "asc_decay": [
        0.003,
        0.1
    ],
    "asc_amps": [
        -10.414047534186398,
        -202.07629452209324
    ],
    "tau_syn": [
        5.5,
        8.5,
        2.8,
        5.8
    ],
    "spike_dependent_threshold": false,
    "after_spike_currents": true,
    "adapting_threshold": false
}