{
    "V_m": -72.31612586975098,
    "V_th": -45.44704931387643,
    "g": 14.073174150610765,
    "E_L": -72.31612586975098,
    "C_m": 136.79903176280752,
    "t_ref": 4.25,
    "V_reset": -72.31612586975098,
    "spike_dependent_threshold": false,
    "after_spike_currents": false,
    "adapting_threshold": false
}