{
    "V_m": -79.48415629069011,
    "V_th": -46.36096179897805,
    "g": 10.369348728491413,
    "E_L": -79.48415629069011,
    "C_m": 96.05087023261761,
    "t_ref": 3.7,
    "V_reset": -79.48415629069011,
    "spike_dependent_threshold": false,
    "after_spike_currents": false,
    "adapting_threshold": false
}