{
    "V_m": -79.48415629069011,
    "V_th": -46.36096179897805,
    "g": 10.369348728491413,
    "E_L": -79.48415629069011,
    "C_m": 96.05087023261761,
    "t_ref": 3.7,
    "V_reset": -79.48415629069011,
    "asc_init": [
        0.0,
        0.0
    ],
    "asc_decay": [
        0.003,
        0.1
    ],
    "asc_amps": [
        -6.256978928587909,
        -138.16085940302835
    ],
    "tau_syn": [
        5.5,
        8.5,
        2.8,
        5.8
    ],
    "spike_dependent_threshold": false,
    "after_spike_currents": true,
    "adapting_threshold": false
}