{
    "V_m": -72.31612586975098,
    "V_th": -45.44704931387643,
    "g": 14.073174150610765,
    "E_L": -72.31612586975098,
    "C_m": 136.79903176280752,
    "t_ref": 4.25,
    "V_reset": -72.31612586975098,
    "asc_init": [
        0.0,
        0.0
    ],
    "asc_decay": [
        0.003,
        0.1
    ],
    "asc_amps": [
        -12.870002875664008,
        -195.01178361362685
    ],
    "tau_syn": [
        5.5,
        8.5,
        2.8,
        5.8
    ],
    "spike_dependent_threshold": false,
    "after_spike_currents": true,
    "adapting_threshold": false
}