{
    "V_m": -77.58732986450195,
    "V_th": -51.03169714533938,
    "g": 5.716881941819412,
    "E_L": -77.58732986450195,
    "C_m": 72.94075592373801,
    "t_ref": 4.7,
    "V_reset": -77.58732986450195,
    "asc_init": [
        0.0,
        0.0
    ],
    "asc_decay": [
        0.003,
        0.1
    ],
    "asc_amps": [
        -7.066553305136169,
        -105.26718218620728
    ],
    "tau_syn": [
        5.5,
        8.5,
        2.8,
        5.8
    ],
    "spike_dependent_threshold": false,
    "after_spike_currents": true,
    "adapting_threshold": false
}