{
    "V_m": -77.58732986450195,
    "V_th": -51.03169714533938,
    "g": 5.716881941819412,
    "E_L": -77.58732986450195,
    "C_m": 72.94075592373801,
    "t_ref": 4.7,
    "V_reset": -77.58732986450195,
    "spike_dependent_threshold": false,
    "after_spike_currents": false,
    "adapting_threshold": false
}