{
    "V_m": -82.01933860778811,
    "V_th": -49.73410620741772,
    "g": 6.506615149567655,
    "E_L": -82.01933860778811,
    "C_m": 90.42337556712849,
    "t_ref": 3.6000000000000005,
    "V_reset": -82.01933860778811,
    "asc_init": [
        0.0,
        0.0
    ],
    "asc_decay": [
        0.003,
        0.1
    ],
    "asc_amps": [
        -8.154446455250374,
        -170.4318574280218
    ],
    "tau_syn": [
        5.5,
        8.5,
        2.8,
        5.8
    ],
    "spike_dependent_threshold": false,
    "after_spike_currents": true,
    "adapting_threshold": false
}