{
    "V_m": -82.01933860778811,
    "V_th": -49.73410620741772,
    "g": 6.506615149567655,
    "E_L": -82.01933860778811,
    "C_m": 90.42337556712849,
    "t_ref": 3.6000000000000005,
    "V_reset": -82.01933860778811,
    "spike_dependent_threshold": false,
    "after_spike_currents": false,
    "adapting_threshold": false
}