{
    "V_m": -78.84503555297853,
    "V_th": -49.991534025362114,
    "g": 9.43407788270177,
    "E_L": -78.84503555297853,
    "C_m": 58.72100585460524,
    "t_ref": 3.7500000000000004,
    "V_reset": -78.84503555297853,
    "spike_dependent_threshold": false,
    "after_spike_currents": false,
    "adapting_threshold": false
}