{
    "V_m": -79.68804168701173,
    "V_th": -48.23908233011668,
    "g": 8.217302956176553,
    "E_L": -79.68804168701173,
    "C_m": 70.79903714118353,
    "t_ref": 4.3500000000000005,
    "V_reset": -79.68804168701173,
    "asc_init": [
        0.0,
        0.0
    ],
    "asc_decay": [
        0.003,
        0.1
    ],
    "asc_amps": [
        -6.1133483201318475,
        -162.6490186953244
    ],
    "tau_syn": [
        5.5,
        8.5,
        2.8,
        5.8
    ],
    "spike_dependent_threshold": false,
    "after_spike_currents": true,
    "adapting_threshold": false
}