{
    "V_m": -79.68804168701173,
    "V_th": -48.23908233011668,
    "g": 8.217302956176553,
    "E_L": -79.68804168701173,
    "C_m": 70.79903714118353,
    "t_ref": 4.3500000000000005,
    "V_reset": -79.68804168701173,
    "spike_dependent_threshold": false,
    "after_spike_currents": false,
    "adapting_threshold": false
}