{
    "V_m": -78.84503555297853,
    "V_th": -49.991534025362114,
    "g": 9.43407788270177,
    "E_L": -78.84503555297853,
    "C_m": 58.72100585460524,
    "t_ref": 3.7500000000000004,
    "V_reset": -78.84503555297853,
    "asc_init": [
        0.0,
        0.0
    ],
    "asc_decay": [
        0.003,
        0.1
    ],
    "asc_amps": [
        -9.177544035382464,
        -198.9424913708764
    ],
    "tau_syn": [
        5.5,
        8.5,
        2.8,
        5.8
    ],
    "spike_dependent_threshold": false,
    "after_spike_currents": true,
    "adapting_threshold": false
}