{
    "V_m": -84.00214958190914,
    "V_th": -59.74887048782949,
    "g": 11.970742540563775,
    "E_L": -84.00214958190914,
    "C_m": 74.40242323554655,
    "t_ref": 1.7000000000000002,
    "V_reset": -84.00214958190914,
    "asc_init": [
        0.0,
        0.0
    ],
    "asc_decay": [
        0.1,
        0.3
    ],
    "asc_amps": [
        -54.07076793206459,
        206.23439287377636
    ],
    "tau_syn": [
        5.5,
        8.5,
        2.8,
        5.8
    ],
    "spike_dependent_threshold": false,
    "after_spike_currents": true,
    "adapting_threshold": false
}