{
    "V_m": -79.41952896118165,
    "V_th": -43.06645300733876,
    "g": 4.819293595694092,
    "E_L": -79.41952896118165,
    "C_m": 103.23196973578517,
    "t_ref": 7.3500000000000005,
    "V_reset": -79.41952896118165,
    "spike_dependent_threshold": false,
    "after_spike_currents": false,
    "adapting_threshold": false
}