{
    "V_m": -75.63849639892577,
    "V_th": -45.35236503228482,
    "g": 6.3071393358028045,
    "E_L": -75.63849639892577,
    "C_m": 91.1880474923158,
    "t_ref": 4.75,
    "V_reset": -75.63849639892577,
    "asc_init": [
        0.0,
        0.0
    ],
    "asc_decay": [
        0.003,
        0.1
    ],
    "asc_amps": [
        -7.008758065252876,
        -270.4664804573247
    ],
    "tau_syn": [
        5.5,
        8.5,
        2.8,
        5.8
    ],
    "spike_dependent_threshold": false,
    "after_spike_currents": true,
    "adapting_threshold": false
}