{
    "V_m": -81.435791015625,
    "V_th": -43.02529376452401,
    "g": 4.775439719345973,
    "E_L": -81.435791015625,
    "C_m": 115.84450324291122,
    "t_ref": 6.3500000000000005,
    "V_reset": -81.435791015625,
    "asc_init": [
        0.0,
        0.0
    ],
    "asc_decay": [
        0.01,
        0.1
    ],
    "asc_amps": [
        -29.71905410437359,
        -238.06387384088376
    ],
    "tau_syn": [
        5.5,
        8.5,
        2.8,
        5.8
    ],
    "spike_dependent_threshold": false,
    "after_spike_currents": true,
    "adapting_threshold": false
}