{
    "V_m": -65.87992286682127,
    "V_th": -47.86117770807849,
    "g": 7.673213138615781,
    "E_L": -65.87992286682127,
    "C_m": 73.32209158177129,
    "t_ref": 5.25,
    "V_reset": -65.87992286682127,
    "asc_init": [
        0.0,
        0.0
    ],
    "asc_decay": [
        0.003,
        0.029999999999999992
    ],
    "asc_amps": [
        -4.683963997150899,
        -71.83777587678586
    ],
    "tau_syn": [
        5.5,
        8.5,
        2.8,
        5.8
    ],
    "spike_dependent_threshold": false,
    "after_spike_currents": true,
    "adapting_threshold": false
}