{
    "V_m": -77.61549758911134,
    "V_th": -40.57797562048139,
    "g": 6.530930721570589,
    "E_L": -77.61549758911134,
    "C_m": 91.6378023168135,
    "t_ref": 4.75,
    "V_reset": -77.61549758911134,
    "spike_dependent_threshold": false,
    "after_spike_currents": false,
    "adapting_threshold": false
}