{
    "V_m": -65.87992286682127,
    "V_th": -47.86117770807849,
    "g": 7.673213138615781,
    "E_L": -65.87992286682127,
    "C_m": 73.32209158177129,
    "t_ref": 5.25,
    "V_reset": -65.87992286682127,
    "spike_dependent_threshold": false,
    "after_spike_currents": false,
    "adapting_threshold": false
}