{
    "V_m": -74.20329475402835,
    "V_th": -44.07558858174334,
    "g": 7.965066117273066,
    "E_L": -74.20329475402835,
    "C_m": 132.8674693650373,
    "t_ref": 2.2,
    "V_reset": -74.20329475402835,
    "asc_init": [
        0.0,
        0.0
    ],
    "asc_decay": [
        0.1,
        0.3
    ],
    "asc_amps": [
        -317.6273900329182,
        925.8176098961715
    ],
    "tau_syn": [
        5.5,
        8.5,
        2.8,
        5.8
    ],
    "spike_dependent_threshold": false,
    "after_spike_currents": true,
    "adapting_threshold": false
}