{
    "V_m": -74.20329475402835,
    "V_th": -44.07558858174334,
    "g": 7.965066117273066,
    "E_L": -74.20329475402835,
    "C_m": 132.8674693650373,
    "t_ref": 2.2,
    "V_reset": -74.20329475402835,
    "spike_dependent_threshold": false,
    "after_spike_currents": false,
    "adapting_threshold": false
}