{
    "V_m": -70.26939773559569,
    "V_th": -44.45690559631649,
    "g": 5.220738447863741,
    "E_L": -70.26939773559569,
    "C_m": 61.972936017565836,
    "t_ref": 2.3,
    "V_reset": -70.26939773559569,
    "asc_init": [
        0.0,
        0.0
    ],
    "asc_decay": [
        0.1,
        0.3
    ],
    "asc_amps": [
        -128.34728780293034,
        307.6446770288913
    ],
    "tau_syn": [
        5.5,
        8.5,
        2.8,
        5.8
    ],
    "spike_dependent_threshold": false,
    "after_spike_currents": true,
    "adapting_threshold": false
}