{
    "V_m": -70.26939773559569,
    "V_th": -44.45690559631649,
    "g": 5.220738447863741,
    "E_L": -70.26939773559569,
    "C_m": 61.972936017565836,
    "t_ref": 2.3,
    "V_reset": -70.26939773559569,
    "spike_dependent_threshold": false,
    "after_spike_currents": false,
    "adapting_threshold": false
}