{
    "V_m": -72.93359375,
    "V_th": -41.65295912575091,
    "g": 2.157009793737807,
    "E_L": -72.93359375,
    "C_m": 54.51816258154259,
    "t_ref": 5.500000000000001,
    "V_reset": -72.93359375,
    "asc_init": [
        0.0,
        0.0
    ],
    "asc_decay": [
        0.01,
        0.3
    ],
    "asc_amps": [
        -22.80542035162625,
        79.71419546317692
    ],
    "tau_syn": [
        5.5,
        8.5,
        2.8,
        5.8
    ],
    "spike_dependent_threshold": false,
    "after_spike_currents": true,
    "adapting_threshold": false
}