{
    "V_m": -79.83261617024743,
    "V_th": -45.22766961460313,
    "g": 6.599727582967383,
    "E_L": -79.83261617024743,
    "C_m": 118.56271549049055,
    "t_ref": 5.050000000000001,
    "V_reset": -79.83261617024743,
    "asc_init": [
        0.0,
        0.0
    ],
    "asc_decay": [
        0.003,
        0.1
    ],
    "asc_amps": [
        -10.934813508598433,
        -340.3169334400255
    ],
    "tau_syn": [
        5.5,
        8.5,
        2.8,
        5.8
    ],
    "spike_dependent_threshold": false,
    "after_spike_currents": true,
    "adapting_threshold": false
}