{
    "V_m": -79.83261617024743,
    "V_th": -45.22766961460313,
    "g": 6.599727582967383,
    "E_L": -79.83261617024743,
    "C_m": 118.56271549049055,
    "t_ref": 5.050000000000001,
    "V_reset": -79.83261617024743,
    "spike_dependent_threshold": false,
    "after_spike_currents": false,
    "adapting_threshold": false
}