{
    "V_m": -75.51354217529295,
    "V_th": -39.58799619713113,
    "g": 9.121717358876735,
    "E_L": -75.51354217529295,
    "C_m": 123.8733343609739,
    "t_ref": 4.65,
    "V_reset": -75.51354217529295,
    "spike_dependent_threshold": false,
    "after_spike_currents": false,
    "adapting_threshold": false
}