{
    "V_m": -75.51354217529295,
    "V_th": -39.58799619713113,
    "g": 9.121717358876735,
    "E_L": -75.51354217529295,
    "C_m": 123.8733343609739,
    "t_ref": 4.65,
    "V_reset": -75.51354217529295,
    "asc_init": [
        0.0,
        0.0
    ],
    "asc_decay": [
        0.003,
        0.1
    ],
    "asc_amps": [
        -10.809973831720537,
        -369.2261045968088
    ],
    "tau_syn": [
        5.5,
        8.5,
        2.8,
        5.8
    ],
    "spike_dependent_threshold": false,
    "after_spike_currents": true,
    "adapting_threshold": false
}