{
    "V_m": -79.8967768351237,
    "V_th": -41.39622563852794,
    "g": 4.000550379801287,
    "E_L": -79.8967768351237,
    "C_m": 117.04278232654431,
    "t_ref": 6.25,
    "V_reset": -79.8967768351237,
    "asc_init": [
        0.0,
        0.0
    ],
    "asc_decay": [
        0.003,
        0.1
    ],
    "asc_amps": [
        -8.66443177057002,
        -308.6125896946945
    ],
    "tau_syn": [
        5.5,
        8.5,
        2.8,
        5.8
    ],
    "spike_dependent_threshold": false,
    "after_spike_currents": true,
    "adapting_threshold": false
}