{
    "V_m": -79.8967768351237,
    "V_th": -41.39622563852794,
    "g": 4.000550379801287,
    "E_L": -79.8967768351237,
    "C_m": 117.04278232654431,
    "t_ref": 6.25,
    "V_reset": -79.8967768351237,
    "spike_dependent_threshold": false,
    "after_spike_currents": false,
    "adapting_threshold": false
}