{
    "V_m": -73.35006713867186,
    "V_th": -42.026032425614716,
    "g": 5.902465469034172,
    "E_L": -73.35006713867186,
    "C_m": 95.34530482396151,
    "t_ref": 4.8999999999999995,
    "V_reset": -73.35006713867186,
    "asc_init": [
        0.0,
        0.0
    ],
    "asc_decay": [
        0.003,
        0.1
    ],
    "asc_amps": [
        -9.275001837265858,
        -250.64394045797826
    ],
    "tau_syn": [
        5.5,
        8.5,
        2.8,
        5.8
    ],
    "spike_dependent_threshold": false,
    "after_spike_currents": true,
    "adapting_threshold": false
}