{
    "V_m": -73.35006713867186,
    "V_th": -42.026032425614716,
    "g": 5.902465469034172,
    "E_L": -73.35006713867186,
    "C_m": 95.34530482396151,
    "t_ref": 4.8999999999999995,
    "V_reset": -73.35006713867186,
    "spike_dependent_threshold": false,
    "after_spike_currents": false,
    "adapting_threshold": false
}