{
    "V_m": -74.90924072265625,
    "V_th": -38.35482193500724,
    "g": 7.159806166616618,
    "E_L": -74.90924072265625,
    "C_m": 136.85915549342087,
    "t_ref": 5.1000000000000005,
    "V_reset": -74.90924072265625,
    "spike_dependent_threshold": false,
    "after_spike_currents": false,
    "adapting_threshold": false
}