{
    "V_m": -74.90924072265625,
    "V_th": -38.35482193500724,
    "g": 7.159806166616618,
    "E_L": -74.90924072265625,
    "C_m": 136.85915549342087,
    "t_ref": 5.1000000000000005,
    "V_reset": -74.90924072265625,
    "asc_init": [
        0.0,
        0.0
    ],
    "asc_decay": [
        0.01,
        0.1
    ],
    "asc_amps": [
        -54.32812952764136,
        -230.2165298562003
    ],
    "tau_syn": [
        5.5,
        8.5,
        2.8,
        5.8
    ],
    "spike_dependent_threshold": false,
    "after_spike_currents": true,
    "adapting_threshold": false
}