{
    "V_m": -75.79420471191409,
    "V_th": -45.56674320708272,
    "g": 5.821229297821461,
    "E_L": -75.79420471191409,
    "C_m": 107.26641658399629,
    "t_ref": 4.8999999999999995,
    "V_reset": -75.79420471191409,
    "spike_dependent_threshold": false,
    "after_spike_currents": false,
    "adapting_threshold": false
}