{
    "V_m": -73.68197377522782,
    "V_th": -52.89593137133106,
    "g": 6.381152182481006,
    "E_L": -73.68197377522782,
    "C_m": 73.60076522013976,
    "t_ref": 1.9,
    "V_reset": -73.68197377522782,
    "spike_dependent_threshold": false,
    "after_spike_currents": false,
    "adapting_threshold": false
}