{
    "V_m": -73.68197377522782,
    "V_th": -52.89593137133106,
    "g": 6.381152182481006,
    "E_L": -73.68197377522782,
    "C_m": 73.60076522013976,
    "t_ref": 1.9,
    "V_reset": -73.68197377522782,
    "asc_init": [
        0.0,
        0.0
    ],
    "asc_decay": [
        0.003,
        0.1
    ],
    "asc_amps": [
        -1.1370931283924988,
        -83.43299314226823
    ],
    "tau_syn": [
        5.5,
        8.5,
        2.8,
        5.8
    ],
    "spike_dependent_threshold": false,
    "after_spike_currents": true,
    "adapting_threshold": false
}