{
    "V_m": -68.66114298502603,
    "V_th": -42.572297972425545,
    "g": 4.51378364910908,
    "E_L": -68.66114298502603,
    "C_m": 113.3814581468326,
    "t_ref": 3.8,
    "V_reset": -68.66114298502603,
    "asc_init": [
        0.0,
        0.0
    ],
    "asc_decay": [
        0.029999999999999992,
        0.1
    ],
    "asc_amps": [
        -54.950170645456645,
        -102.75414765973836
    ],
    "tau_syn": [
        5.5,
        8.5,
        2.8,
        5.8
    ],
    "spike_dependent_threshold": false,
    "after_spike_currents": true,
    "adapting_threshold": false
}