{
    "V_m": -68.66114298502603,
    "V_th": -42.572297972425545,
    "g": 4.51378364910908,
    "E_L": -68.66114298502603,
    "C_m": 113.3814581468326,
    "t_ref": 3.8,
    "V_reset": -68.66114298502603,
    "spike_dependent_threshold": false,
    "after_spike_currents": false,
    "adapting_threshold": false
}