{
    "V_m": -74.68712425231935,
    "V_th": -45.1254622462928,
    "g": 4.377273555499972,
    "E_L": -74.68712425231935,
    "C_m": 110.05846765137821,
    "t_ref": 4.6,
    "V_reset": -74.68712425231935,
    "spike_dependent_threshold": false,
    "after_spike_currents": false,
    "adapting_threshold": false
}