{
    "V_m": -74.68712425231935,
    "V_th": -45.1254622462928,
    "g": 4.377273555499972,
    "E_L": -74.68712425231935,
    "C_m": 110.05846765137821,
    "t_ref": 4.6,
    "V_reset": -74.68712425231935,
    "asc_init": [
        0.0,
        0.0
    ],
    "asc_decay": [
        0.003,
        0.1
    ],
    "asc_amps": [
        -7.567327185646113,
        -253.03765914220006
    ],
    "tau_syn": [
        5.5,
        8.5,
        2.8,
        5.8
    ],
    "spike_dependent_threshold": false,
    "after_spike_currents": true,
    "adapting_threshold": false
}