{
    "V_m": -67.8134333292643,
    "V_th": -39.91504097489488,
    "g": 5.211601685350273,
    "E_L": -67.8134333292643,
    "C_m": 67.86466674506826,
    "t_ref": 3.4000000000000004,
    "V_reset": -67.8134333292643,
    "asc_init": [
        0.0,
        0.0
    ],
    "asc_decay": [
        0.1,
        0.3
    ],
    "asc_amps": [
        -175.74241270072164,
        317.75176444495764
    ],
    "tau_syn": [
        5.5,
        8.5,
        2.8,
        5.8
    ],
    "spike_dependent_threshold": false,
    "after_spike_currents": true,
    "adapting_threshold": false
}