{
    "V_m": -84.17264556884763,
    "V_th": -44.22046110835853,
    "g": 9.229211701519716,
    "E_L": -84.17264556884763,
    "C_m": 160.7399766903711,
    "t_ref": 4.4,
    "V_reset": -84.17264556884763,
    "spike_dependent_threshold": false,
    "after_spike_currents": false,
    "adapting_threshold": false
}