{
    "V_m": -84.17264556884763,
    "V_th": -44.22046110835853,
    "g": 9.229211701519716,
    "E_L": -84.17264556884763,
    "C_m": 160.7399766903711,
    "t_ref": 4.4,
    "V_reset": -84.17264556884763,
    "asc_init": [
        0.0,
        0.0
    ],
    "asc_decay": [
        0.01,
        0.1
    ],
    "asc_amps": [
        -53.33895424888246,
        -197.611771887078
    ],
    "tau_syn": [
        5.5,
        8.5,
        2.8,
        5.8
    ],
    "spike_dependent_threshold": false,
    "after_spike_currents": true,
    "adapting_threshold": false
}