{
    "V_m": -75.3461761474609,
    "V_th": -42.65503403395152,
    "g": 4.464007737691026,
    "E_L": -75.3461761474609,
    "C_m": 96.54273995412298,
    "t_ref": 5.65,
    "V_reset": -75.3461761474609,
    "asc_init": [
        0.0,
        0.0
    ],
    "asc_decay": [
        0.003,
        0.1
    ],
    "asc_amps": [
        -7.8444686172088804,
        -238.4850261249842
    ],
    "tau_syn": [
        5.5,
        8.5,
        2.8,
        5.8
    ],
    "spike_dependent_threshold": false,
    "after_spike_currents": true,
    "adapting_threshold": false
}