{
    "V_m": -75.3461761474609,
    "V_th": -42.65503403395152,
    "g": 4.464007737691026,
    "E_L": -75.3461761474609,
    "C_m": 96.54273995412298,
    "t_ref": 5.65,
    "V_reset": -75.3461761474609,
    "spike_dependent_threshold": false,
    "after_spike_currents": false,
    "adapting_threshold": false
}