{
    "V_m": -64.4320551554362,
    "V_th": -38.255948891437555,
    "g": 3.789865905248605,
    "E_L": -64.4320551554362,
    "C_m": 67.27441987375374,
    "t_ref": 4.3500000000000005,
    "V_reset": -64.4320551554362,
    "asc_init": [
        0.0,
        0.0
    ],
    "asc_decay": [
        0.003,
        0.029999999999999992
    ],
    "asc_amps": [
        -3.0783538811841122,
        -54.57950629239197
    ],
    "tau_syn": [
        5.5,
        8.5,
        2.8,
        5.8
    ],
    "spike_dependent_threshold": false,
    "after_spike_currents": true,
    "adapting_threshold": false
}