{
    "V_m": -64.4320551554362,
    "V_th": -38.255948891437555,
    "g": 3.789865905248605,
    "E_L": -64.4320551554362,
    "C_m": 67.27441987375374,
    "t_ref": 4.3500000000000005,
    "V_reset": -64.4320551554362,
    "spike_dependent_threshold": false,
    "after_spike_currents": false,
    "adapting_threshold": false
}