{
    "V_m": -72.26768684387208,
    "V_th": -45.98229383318429,
    "g": 2.4104354370665315,
    "E_L": -72.26768684387208,
    "C_m": 68.02413126965824,
    "t_ref": 4.1000000000000005,
    "V_reset": -72.26768684387208,
    "spike_dependent_threshold": false,
    "after_spike_currents": false,
    "adapting_threshold": false
}