{
    "V_m": -72.26768684387208,
    "V_th": -45.98229383318429,
    "g": 2.4104354370665315,
    "E_L": -72.26768684387208,
    "C_m": 68.02413126965824,
    "t_ref": 4.1000000000000005,
    "V_reset": -72.26768684387208,
    "asc_init": [
        0.0,
        0.0
    ],
    "asc_decay": [
        0.003,
        0.1
    ],
    "asc_amps": [
        -1.0017560483012347,
        -45.290287990189334
    ],
    "tau_syn": [
        5.5,
        8.5,
        2.8,
        5.8
    ],
    "spike_dependent_threshold": false,
    "after_spike_currents": true,
    "adapting_threshold": false
}