{
    "V_m": -74.6269130706787,
    "V_th": -59.554224813198786,
    "g": 1.3228458290360439,
    "E_L": -74.6269130706787,
    "C_m": 48.87525579912949,
    "t_ref": 5.95,
    "V_reset": -74.6269130706787,
    "spike_dependent_threshold": false,
    "after_spike_currents": false,
    "adapting_threshold": false
}