{
    "V_m": -74.6269130706787,
    "V_th": -59.554224813198786,
    "g": 1.3228458290360439,
    "E_L": -74.6269130706787,
    "C_m": 48.87525579912949,
    "t_ref": 5.95,
    "V_reset": -74.6269130706787,
    "asc_init": [
        0.0,
        0.0
    ],
    "asc_decay": [
        0.029999999999999992,
        0.1
    ],
    "asc_amps": [
        7.713213206979778,
        -66.07221223632918
    ],
    "tau_syn": [
        5.5,
        8.5,
        2.8,
        5.8
    ],
    "spike_dependent_threshold": false,
    "after_spike_currents": true,
    "adapting_threshold": false
}