{
    "V_m": -70.02641677856447,
    "V_th": -41.436491181051764,
    "g": 3.9339388276242193,
    "E_L": -70.02641677856447,
    "C_m": 51.43424270997726,
    "t_ref": 4.1000000000000005,
    "V_reset": -70.02641677856447,
    "asc_init": [
        0.0,
        0.0
    ],
    "asc_decay": [
        0.01,
        0.3
    ],
    "asc_amps": [
        -24.09323051891762,
        71.47347025706172
    ],
    "tau_syn": [
        5.5,
        8.5,
        2.8,
        5.8
    ],
    "spike_dependent_threshold": false,
    "after_spike_currents": true,
    "adapting_threshold": false
}