{
    "V_m": -70.02641677856447,
    "V_th": -41.436491181051764,
    "g": 3.9339388276242193,
    "E_L": -70.02641677856447,
    "C_m": 51.43424270997726,
    "t_ref": 4.1000000000000005,
    "V_reset": -70.02641677856447,
    "spike_dependent_threshold": false,
    "after_spike_currents": false,
    "adapting_threshold": false
}