{
    "V_m": -64.46594746907552,
    "V_th": -31.641590257230916,
    "g": 4.560932149778016,
    "E_L": -64.46594746907552,
    "C_m": 57.92056092237463,
    "t_ref": 6.550000000000001,
    "V_reset": -64.46594746907552,
    "asc_init": [
        0.0,
        0.0
    ],
    "asc_decay": [
        0.01,
        0.3
    ],
    "asc_amps": [
        -34.12346883024422,
        -109.4354463799742
    ],
    "tau_syn": [
        5.5,
        8.5,
        2.8,
        5.8
    ],
    "spike_dependent_threshold": false,
    "after_spike_currents": true,
    "adapting_threshold": false
}