{
    "V_m": -64.46594746907552,
    "V_th": -31.641590257230916,
    "g": 4.560932149778016,
    "E_L": -64.46594746907552,
    "C_m": 57.92056092237463,
    "t_ref": 6.550000000000001,
    "V_reset": -64.46594746907552,
    "spike_dependent_threshold": false,
    "after_spike_currents": false,
    "adapting_threshold": false
}