{
    "V_m": -72.481928507487,
    "V_th": -40.53692230580475,
    "g": 4.256220443703892,
    "E_L": -72.481928507487,
    "C_m": 87.76402516879644,
    "t_ref": 1.8000000000000003,
    "V_reset": -72.481928507487,
    "spike_dependent_threshold": false,
    "after_spike_currents": false,
    "adapting_threshold": false
}