{
    "V_m": -72.8233591715495,
    "V_th": -35.396301945688286,
    "g": 5.716310608216097,
    "E_L": -72.8233591715495,
    "C_m": 64.26651098712202,
    "t_ref": 3.7500000000000004,
    "V_reset": -72.8233591715495,
    "spike_dependent_threshold": false,
    "after_spike_currents": false,
    "adapting_threshold": false
}