{
    "V_m": -73.41601562499999,
    "V_th": -37.28029618204158,
    "g": 3.769537796922505,
    "E_L": -73.41601562499999,
    "C_m": 64.27864505003141,
    "t_ref": 3.7500000000000004,
    "V_reset": -73.41601562499999,
    "asc_init": [
        0.0,
        0.0
    ],
    "asc_decay": [
        0.003,
        0.1
    ],
    "asc_amps": [
        -12.894968474826957,
        -73.6046482703468
    ],
    "tau_syn": [
        5.5,
        8.5,
        2.8,
        5.8
    ],
    "spike_dependent_threshold": false,
    "after_spike_currents": true,
    "adapting_threshold": false
}