{
    "V_m": -71.18255106608073,
    "V_th": -37.56213471925105,
    "g": 5.116748975263804,
    "E_L": -71.18255106608073,
    "C_m": 73.59363098922435,
    "t_ref": 1.9,
    "V_reset": -71.18255106608073,
    "asc_init": [
        0.0,
        0.0
    ],
    "asc_decay": [
        0.1,
        0.3
    ],
    "asc_amps": [
        -174.5709080137432,
        256.03452287875314
    ],
    "tau_syn": [
        5.5,
        8.5,
        2.8,
        5.8
    ],
    "spike_dependent_threshold": false,
    "after_spike_currents": true,
    "adapting_threshold": false
}