{
    "V_m": -75.7891108194987,
    "V_th": -45.7635504936424,
    "g": 4.25215493367116,
    "E_L": -75.7891108194987,
    "C_m": 98.54341646357422,
    "t_ref": 3.2,
    "V_reset": -75.7891108194987,
    "spike_dependent_threshold": false,
    "after_spike_currents": false,
    "adapting_threshold": false
}