{
    "V_m": -75.7891108194987,
    "V_th": -45.7635504936424,
    "g": 4.25215493367116,
    "E_L": -75.7891108194987,
    "C_m": 98.54341646357422,
    "t_ref": 3.2,
    "V_reset": -75.7891108194987,
    "asc_init": [
        0.0,
        0.0
    ],
    "asc_decay": [
        0.003,
        0.3
    ],
    "asc_amps": [
        -6.909123228618268,
        208.1505278629775
    ],
    "tau_syn": [
        5.5,
        8.5,
        2.8,
        5.8
    ],
    "spike_dependent_threshold": false,
    "after_spike_currents": true,
    "adapting_threshold": false
}