{
    "V_m": -71.42042732238771,
    "V_th": -39.81004976097556,
    "g": 14.461335429999254,
    "E_L": -71.42042732238771,
    "C_m": 165.8280501776291,
    "t_ref": 4.7,
    "V_reset": -71.42042732238771,
    "asc_init": [
        0.0,
        0.0
    ],
    "asc_decay": [
        0.003,
        0.029999999999999992
    ],
    "asc_amps": [
        -51.144717143030206,
        -157.23985044548047
    ],
    "tau_syn": [
        5.5,
        8.5,
        2.8,
        5.8
    ],
    "spike_dependent_threshold": false,
    "after_spike_currents": true,
    "adapting_threshold": false
}