{
    "V_m": -71.42042732238771,
    "V_th": -39.81004976097556,
    "g": 14.461335429999254,
    "E_L": -71.42042732238771,
    "C_m": 165.8280501776291,
    "t_ref": 4.7,
    "V_reset": -71.42042732238771,
    "spike_dependent_threshold": false,
    "after_spike_currents": false,
    "adapting_threshold": false
}