{
    "V_m": -78.32298024495444,
    "V_th": -42.33392668075254,
    "g": 5.033518267779375,
    "E_L": -78.32298024495444,
    "C_m": 113.18776649514344,
    "t_ref": 7.3,
    "V_reset": -78.32298024495444,
    "spike_dependent_threshold": false,
    "after_spike_currents": false,
    "adapting_threshold": false
}