{
    "V_m": -78.32298024495444,
    "V_th": -42.33392668075254,
    "g": 5.033518267779375,
    "E_L": -78.32298024495444,
    "C_m": 113.18776649514344,
    "t_ref": 7.3,
    "V_reset": -78.32298024495444,
    "asc_init": [
        0.0,
        0.0
    ],
    "asc_decay": [
        0.003,
        0.1
    ],
    "asc_amps": [
        -8.274939627397728,
        -346.1067760296376
    ],
    "tau_syn": [
        5.5,
        8.5,
        2.8,
        5.8
    ],
    "spike_dependent_threshold": false,
    "after_spike_currents": true,
    "adapting_threshold": false
}