{
    "V_m": -72.62940470377603,
    "V_th": -45.54226092735433,
    "g": 4.459526988616,
    "E_L": -72.62940470377603,
    "C_m": 61.48754155575274,
    "t_ref": 2.0,
    "V_reset": -72.62940470377603,
    "asc_init": [
        0.0,
        0.0
    ],
    "asc_decay": [
        0.003,
        0.1
    ],
    "asc_amps": [
        -0.9841772442155813,
        -51.83207551692727
    ],
    "tau_syn": [
        5.5,
        8.5,
        2.8,
        5.8
    ],
    "spike_dependent_threshold": false,
    "after_spike_currents": true,
    "adapting_threshold": false
}