{
    "V_m": -71.78916676839194,
    "V_th": -47.22224698534632,
    "g": 7.449922548698992,
    "E_L": -71.78916676839194,
    "C_m": 67.50139661290106,
    "t_ref": 2.0,
    "V_reset": -71.78916676839194,
    "asc_init": [
        0.0,
        0.0
    ],
    "asc_decay": [
        0.1,
        0.3
    ],
    "asc_amps": [
        -78.60542887708355,
        96.1092550833406
    ],
    "tau_syn": [
        5.5,
        8.5,
        2.8,
        5.8
    ],
    "spike_dependent_threshold": false,
    "after_spike_currents": true,
    "adapting_threshold": false
}