{
    "V_m": -69.99736531575519,
    "V_th": -37.34645255057368,
    "g": 7.201155523274997,
    "E_L": -69.99736531575519,
    "C_m": 70.9160906655491,
    "t_ref": 2.15,
    "V_reset": -69.99736531575519,
    "asc_init": [
        0.0,
        0.0
    ],
    "asc_decay": [
        0.1,
        0.3
    ],
    "asc_amps": [
        -257.0176820534732,
        612.7738689479417
    ],
    "tau_syn": [
        5.5,
        8.5,
        2.8,
        5.8
    ],
    "spike_dependent_threshold": false,
    "after_spike_currents": true,
    "adapting_threshold": false
}