{
    "V_m": -68.50695546468101,
    "V_th": -32.79928007147073,
    "g": 4.173919170180889,
    "E_L": -68.50695546468101,
    "C_m": 60.365238165753254,
    "t_ref": 4.8999999999999995,
    "V_reset": -68.50695546468101,
    "asc_init": [
        0.0,
        0.0
    ],
    "asc_decay": [
        0.01,
        0.1
    ],
    "asc_amps": [
        -27.590376622107126,
        -54.72220151743435
    ],
    "tau_syn": [
        5.5,
        8.5,
        2.8,
        5.8
    ],
    "spike_dependent_threshold": false,
    "after_spike_currents": true,
    "adapting_threshold": false
}