{
    "V_m": -68.50695546468101,
    "V_th": -32.79928007147073,
    "g": 4.173919170180889,
    "E_L": -68.50695546468101,
    "C_m": 60.365238165753254,
    "t_ref": 4.8999999999999995,
    "V_reset": -68.50695546468101,
    "spike_dependent_threshold": false,
    "after_spike_currents": false,
    "adapting_threshold": false
}