{
    "V_m": -74.29771804809567,
    "V_th": -39.7587542268131,
    "g": 3.1755831684292644,
    "E_L": -74.29771804809567,
    "C_m": 50.247777418353024,
    "t_ref": 5.25,
    "V_reset": -74.29771804809567,
    "spike_dependent_threshold": false,
    "after_spike_currents": false,
    "adapting_threshold": false
}