{
    "V_m": -74.29771804809567,
    "V_th": -39.7587542268131,
    "g": 3.1755831684292644,
    "E_L": -74.29771804809567,
    "C_m": 50.247777418353024,
    "t_ref": 5.25,
    "V_reset": -74.29771804809567,
    "asc_init": [
        0.0,
        0.0
    ],
    "asc_decay": [
        0.003,
        0.01
    ],
    "asc_amps": [
        -6.821393784147163,
        -19.159083508733616
    ],
    "tau_syn": [
        5.5,
        8.5,
        2.8,
        5.8
    ],
    "spike_dependent_threshold": false,
    "after_spike_currents": true,
    "adapting_threshold": false
}