{
    "V_m": -64.01213582356773,
    "V_th": -45.12843156145681,
    "g": 8.64760466289339,
    "E_L": -64.01213582356773,
    "C_m": 83.32701003039689,
    "t_ref": 2.65,
    "V_reset": -64.01213582356773,
    "spike_dependent_threshold": false,
    "after_spike_currents": false,
    "adapting_threshold": false
}