{
    "V_m": -64.01213582356773,
    "V_th": -45.12843156145681,
    "g": 8.64760466289339,
    "E_L": -64.01213582356773,
    "C_m": 83.32701003039689,
    "t_ref": 2.65,
    "V_reset": -64.01213582356773,
    "asc_init": [
        0.0,
        0.0
    ],
    "asc_decay": [
        0.1,
        0.3
    ],
    "asc_amps": [
        113.3061919528671,
        -567.1074689284703
    ],
    "tau_syn": [
        5.5,
        8.5,
        2.8,
        5.8
    ],
    "spike_dependent_threshold": false,
    "after_spike_currents": true,
    "adapting_threshold": false
}