{
    "V_m": -70.4981880187988,
    "V_th": -38.51089029193332,
    "g": 4.464042934520246,
    "E_L": -70.4981880187988,
    "C_m": 56.896824199808634,
    "t_ref": 2.4000000000000004,
    "V_reset": -70.4981880187988,
    "spike_dependent_threshold": false,
    "after_spike_currents": false,
    "adapting_threshold": false
}