{
    "V_m": -70.4981880187988,
    "V_th": -38.51089029193332,
    "g": 4.464042934520246,
    "E_L": -70.4981880187988,
    "C_m": 56.896824199808634,
    "t_ref": 2.4000000000000004,
    "V_reset": -70.4981880187988,
    "asc_init": [
        0.0,
        0.0
    ],
    "asc_decay": [
        0.029999999999999992,
        0.1
    ],
    "asc_amps": [
        12.699985275208483,
        -119.94671689215015
    ],
    "tau_syn": [
        5.5,
        8.5,
        2.8,
        5.8
    ],
    "spike_dependent_threshold": false,
    "after_spike_currents": true,
    "adapting_threshold": false
}