{
    "V_m": -64.0931940078735,
    "V_th": -38.946610432994454,
    "g": 6.151443630356075,
    "E_L": -64.0931940078735,
    "C_m": 101.19722214088472,
    "t_ref": 2.7,
    "V_reset": -64.0931940078735,
    "asc_init": [
        0.0,
        0.0
    ],
    "asc_decay": [
        0.1,
        0.3
    ],
    "asc_amps": [
        -207.70101431448006,
        700.5041499249982
    ],
    "tau_syn": [
        5.5,
        8.5,
        2.8,
        5.8
    ],
    "spike_dependent_threshold": false,
    "after_spike_currents": true,
    "adapting_threshold": false
}