{
    "V_m": -64.0931940078735,
    "V_th": -38.946610432994454,
    "g": 6.151443630356075,
    "E_L": -64.0931940078735,
    "C_m": 101.19722214088472,
    "t_ref": 2.7,
    "V_reset": -64.0931940078735,
    "spike_dependent_threshold": false,
    "after_spike_currents": false,
    "adapting_threshold": false
}