{
    "V_m": -73.57167625427243,
    "V_th": -39.85459744826714,
    "g": 4.105717981468148,
    "E_L": -73.57167625427243,
    "C_m": 55.31229696294462,
    "t_ref": 4.8999999999999995,
    "V_reset": -73.57167625427243,
    "spike_dependent_threshold": false,
    "after_spike_currents": false,
    "adapting_threshold": false
}