{
    "V_m": -70.6453514099121,
    "V_th": -39.43187396518536,
    "g": 1.9966745316190055,
    "E_L": -70.6453514099121,
    "C_m": 51.748991325126646,
    "t_ref": 4.8500000000000005,
    "V_reset": -70.6453514099121,
    "asc_init": [
        0.0,
        0.0
    ],
    "asc_decay": [
        0.003,
        0.029999999999999992
    ],
    "asc_amps": [
        -2.5519643042609945,
        -25.68296782513512
    ],
    "tau_syn": [
        5.5,
        8.5,
        2.8,
        5.8
    ],
    "spike_dependent_threshold": false,
    "after_spike_currents": true,
    "adapting_threshold": false
}