{
    "V_m": -70.6453514099121,
    "V_th": -39.43187396518536,
    "g": 1.9966745316190055,
    "E_L": -70.6453514099121,
    "C_m": 51.748991325126646,
    "t_ref": 4.8500000000000005,
    "V_reset": -70.6453514099121,
    "spike_dependent_threshold": false,
    "after_spike_currents": false,
    "adapting_threshold": false
}