{
    "V_m": -73.57167625427243,
    "V_th": -39.85459744826714,
    "g": 4.105717981468148,
    "E_L": -73.57167625427243,
    "C_m": 55.31229696294462,
    "t_ref": 4.8999999999999995,
    "V_reset": -73.57167625427243,
    "asc_init": [
        0.0,
        0.0
    ],
    "asc_decay": [
        0.003,
        0.029999999999999992
    ],
    "asc_amps": [
        -6.971859793676513,
        -31.15089547135555
    ],
    "tau_syn": [
        5.5,
        8.5,
        2.8,
        5.8
    ],
    "spike_dependent_threshold": false,
    "after_spike_currents": true,
    "adapting_threshold": false
}