{
    "V_m": -64.83097839355467,
    "V_th": -42.41159219759341,
    "g": 4.039616689264666,
    "E_L": -64.83097839355467,
    "C_m": 115.69215901590884,
    "t_ref": 5.6,
    "V_reset": -64.83097839355467,
    "spike_dependent_threshold": false,
    "after_spike_currents": false,
    "adapting_threshold": false
}